33930,4EA96F95093551428215F7AB1A155D26,1,2005,Q4
367570,4EA96F95093551428215F7AB1A155D26,0,2006,Q4
367571,4EA96F95093551428215F7AB1A155D26,0,2006,Q4
431453,9DADF88CB3407C4E89403315F640393E,1,2007,Q1
493630,9DADF88CB3407C4E89403315F640393E,1,2007,Q2
517539,9DADF88CB3407C4E89403315F640393E,1,2007,Q2
542633,9DADF88CB3407C4E89403315F640393E,1,2007,Q2
567687,9DADF88CB3407C4E89403315F640393E,1,2007,Q3
592789,9DADF88CB3407C4E89403315F640393E,1,2007,Q3
618890,9DADF88CB3407C4E89403315F640393E,1,2007,Q4
643645,9DADF88CB3407C4E89403315F640393E,1,2007,Q4
669243,9DADF88CB3407C4E89403315F640393E,1,2007,Q4
693309,9DADF88CB3407C4E89403315F640393E,1,2007,Q4
729597,4EA96F95093551428215F7AB1A155D26,0,2008,Q1
746530,9DADF88CB3407C4E89403315F640393E,0,2008,Q1
770811,9DADF88CB3407C4E89403315F640393E,1,2008,Q1
796372,9DADF88CB3407C4E89403315F640393E,1,2008,Q1
809491,9DADF88CB3407C4E89403315F640393E,1,2008,Q1
841405,9DADF88CB3407C4E89403315F640393E,1,2008,Q2
864577,9DADF88CB3407C4E89403315F640393E,1,2008,Q2
886622,9DADF88CB3407C4E89403315F640393E,1,2008,Q2
908761,9DADF88CB3407C4E89403315F640393E,1,2008,Q3
929806,9DADF88CB3407C4E89403315F640393E,1,2008,Q3
971637,9DADF88CB3407C4E89403315F640393E,1,2008,Q4
994108,9DADF88CB3407C4E89403315F640393E,1,2008,Q4
1014878,9DADF88CB3407C4E89403315F640393E,1,2008,Q4
1084019,4EA96F95093551428215F7AB1A155D26,0,2008,Q4
1084020,4EA96F95093551428215F7AB1A155D26,0,2008,Q4
1116730,9DADF88CB3407C4E89403315F640393E,0,2008,Q4
1116731,9DADF88CB3407C4E89403315F640393E,0,2008,Q4
1150304,9DADF88CB3407C4E89403315F640393E,1,2009,Q1
1171338,9DADF88CB3407C4E89403315F640393E,1,2009,Q1
1194617,9DADF88CB3407C4E89403315F640393E,1,2009,Q1
1237389,9DADF88CB3407C4E89403315F640393E,1,2009,Q2
1258272,9DADF88CB3407C4E89403315F640393E,1,2009,Q2
1279920,9DADF88CB3407C4E89403315F640393E,1,2009,Q3
1300356,9DADF88CB3407C4E89403315F640393E,1,2009,Q3
1322369,9DADF88CB3407C4E89403315F640393E,1,2009,Q3
1339054,9DADF88CB3407C4E89403315F640393E,1,2009,Q4
1363690,9DADF88CB3407C4E89403315F640393E,1,2009,Q4
1384331,9DADF88CB3407C4E89403315F640393E,1,2009,Q4
1424225,4EA96F95093551428215F7AB1A155D26,0,2009,Q4
1446436,9DADF88CB3407C4E89403315F640393E,0,2009,Q4
1446437,9DADF88CB3407C4E89403315F640393E,0,2009,Q4
1482002,9DADF88CB3407C4E89403315F640393E,1,2010,Q1
1502103,9DADF88CB3407C4E89403315F640393E,1,2010,Q1
1522467,9DADF88CB3407C4E89403315F640393E,1,2010,Q1
1539676,9DADF88CB3407C4E89403315F640393E,1,2010,Q2
1562734,9DADF88CB3407C4E89403315F640393E,1,2010,Q2
1582467,9DADF88CB3407C4E89403315F640393E,1,2010,Q2
1621060,9DADF88CB3407C4E89403315F640393E,1,2010,Q3
1639507,9DADF88CB3407C4E89403315F640393E,1,2010,Q3
1660356,9DADF88CB3407C4E89403315F640393E,1,2010,Q4
1671111,9DADF88CB3407C4E89403315F640393E,1,2010,Q4
1696658,9DADF88CB3407C4E89403315F640393E,1,2010,Q4
1761941,4EA96F95093551428215F7AB1A155D26,0,2010,Q4
1761942,4EA96F95093551428215F7AB1A155D26,0,2010,Q4
1791786,9DADF88CB3407C4E89403315F640393E,0,2010,Q4
1791787,9DADF88CB3407C4E89403315F640393E,0,2010,Q4
1829131,9DADF88CB3407C4E89403315F640393E,1,2011,Q1
1849289,9DADF88CB3407C4E89403315F640393E,1,2011,Q1
1867339,9DADF88CB3407C4E89403315F640393E,1,2011,Q1
1886627,9DADF88CB3407C4E89403315F640393E,1,2011,Q2
1905695,9DADF88CB3407C4E89403315F640393E,1,2011,Q2
1923105,9DADF88CB3407C4E89403315F640393E,1,2011,Q2
1944556,9DADF88CB3407C4E89403315F640393E,1,2011,Q3
1962616,9DADF88CB3407C4E89403315F640393E,1,2011,Q3
1981162,9DADF88CB3407C4E89403315F640393E,1,2011,Q3
1996255,9DADF88CB3407C4E89403315F640393E,1,2011,Q4
2011767,9DADF88CB3407C4E89403315F640393E,1,2011,Q4
2026285,9DADF88CB3407C4E89403315F640393E,1,2011,Q4
2082034,4EA96F95093551428215F7AB1A155D26,0,2012,Q1
2082035,4EA96F95093551428215F7AB1A155D26,0,2012,Q1
2110458,9DADF88CB3407C4E89403315F640393E,0,2012,Q1
2110459,9DADF88CB3407C4E89403315F640393E,0,2012,Q1
2143822,9DADF88CB3407C4E89403315F640393E,1,2012,Q1
2160935,9DADF88CB3407C4E89403315F640393E,1,2012,Q1
2175795,9DADF88CB3407C4E89403315F640393E,1,2012,Q1
2194667,9DADF88CB3407C4E89403315F640393E,1,2012,Q2
2209653,9DADF88CB3407C4E89403315F640393E,1,2012,Q2
2216726,9DADF88CB3407C4E89403315F640393E,1,2012,Q2
2230438,9DADF88CB3407C4E89403315F640393E,1,2012,Q3
2253947,9DADF88CB3407C4E89403315F640393E,1,2012,Q3
2266929,9DADF88CB3407C4E89403315F640393E,1,2012,Q3
2273136,9DADF88CB3407C4E89403315F640393E,1,2012,Q4
2295741,9DADF88CB3407C4E89403315F640393E,1,2012,Q4
2309097,9DADF88CB3407C4E89403315F640393E,1,2012,Q4
2335254,4EA96F95093551428215F7AB1A155D26,0,2012,Q4
2347314,9DADF88CB3407C4E89403315F640393E,0,2012,Q4
2378932,4EA96F95093551428215F7AB1A155D26,0,2012,Q4
2390971,9DADF88CB3407C4E89403315F640393E,0,2012,Q4
2411314,9DADF88CB3407C4E89403315F640393E,1,2013,Q1
2424156,9DADF88CB3407C4E89403315F640393E,1,2013,Q1
2424157,9DADF88CB3407C4E89403315F640393E,1,2013,Q1
2437931,9DADF88CB3407C4E89403315F640393E,1,2013,Q1
2449775,9DADF88CB3407C4E89403315F640393E,1,2013,Q2
2460190,9DADF88CB3407C4E89403315F640393E,1,2013,Q2
2475806,9DADF88CB3407C4E89403315F640393E,1,2013,Q2
2485213,9DADF88CB3407C4E89403315F640393E,1,2013,Q3
2496698,9DADF88CB3407C4E89403315F640393E,1,2013,Q3
2508773,9DADF88CB3407C4E89403315F640393E,1,2013,Q3
2519253,9DADF88CB3407C4E89403315F640393E,1,2013,Q4
2531884,9DADF88CB3407C4E89403315F640393E,1,2013,Q4
2544524,9DADF88CB3407C4E89403315F640393E,1,2013,Q4
2567916,4EA96F95093551428215F7AB1A155D26,0,2013,Q4
2579276,9DADF88CB3407C4E89403315F640393E,0,2013,Q4
2609078,4EA96F95093551428215F7AB1A155D26,0,2013,Q4
2620032,9DADF88CB3407C4E89403315F640393E,0,2013,Q4
2635997,9DADF88CB3407C4E89403315F640393E,1,2014,Q1
2647251,9DADF88CB3407C4E89403315F640393E,1,2014,Q1
2657725,9DADF88CB3407C4E89403315F640393E,1,2014,Q1
2667240,9DADF88CB3407C4E89403315F640393E,1,2014,Q2
2678109,9DADF88CB3407C4E89403315F640393E,1,2014,Q2
2688502,9DADF88CB3407C4E89403315F640393E,1,2014,Q2
2697786,9DADF88CB3407C4E89403315F640393E,1,2014,Q3
2708561,9DADF88CB3407C4E89403315F640393E,1,2014,Q3
2717428,9DADF88CB3407C4E89403315F640393E,1,2014,Q3
2720084,9DADF88CB3407C4E89403315F640393E,1,2014,Q4
2737431,9DADF88CB3407C4E89403315F640393E,1,2014,Q4
2746535,9DADF88CB3407C4E89403315F640393E,1,2014,Q4
2773755,4EA96F95093551428215F7AB1A155D26,0,2014,Q4
2773994,9DADF88CB3407C4E89403315F640393E,0,2014,Q4
2808179,9DADF88CB3407C4E89403315F640393E,0,2014,Q4
2825522,9DADF88CB3407C4E89403315F640393E,1,2015,Q1
2835508,9DADF88CB3407C4E89403315F640393E,1,2015,Q1
2844263,9DADF88CB3407C4E89403315F640393E,1,2015,Q1
2854406,9DADF88CB3407C4E89403315F640393E,1,2015,Q2
2856363,9DADF88CB3407C4E89403315F640393E,1,2015,Q2
2865926,9DADF88CB3407C4E89403315F640393E,1,2015,Q2
2881234,9DADF88CB3407C4E89403315F640393E,1,2015,Q3
2883648,9DADF88CB3407C4E89403315F640393E,1,2015,Q3
2898614,9DADF88CB3407C4E89403315F640393E,1,2015,Q3
2901111,9DADF88CB3407C4E89403315F640393E,1,2015,Q4
2916049,9DADF88CB3407C4E89403315F640393E,1,2015,Q4
2917832,9DADF88CB3407C4E89403315F640393E,1,2015,Q4
2987955,4EA96F95093551428215F7AB1A155D26,0,2016,Q1
3005631,9DADF88CB3407C4E89403315F640393E,0,2016,Q1
3041897,9DADF88CB3407C4E89403315F640393E,0,2016,Q1
3078521,9DADF88CB3407C4E89403315F640393E,1,2016,Q1
3080235,9DADF88CB3407C4E89403315F640393E,1,2016,Q1
3095033,9DADF88CB3407C4E89403315F640393E,1,2016,Q1
3103513,9DADF88CB3407C4E89403315F640393E,1,2016,Q2
3110422,9DADF88CB3407C4E89403315F640393E,1,2016,Q2
3111248,9DADF88CB3407C4E89403315F640393E,1,2016,Q2
3125860,9DADF88CB3407C4E89403315F640393E,1,2016,Q3
3127406,9DADF88CB3407C4E89403315F640393E,1,2016,Q3
3135989,9DADF88CB3407C4E89403315F640393E,1,2016,Q3
3149386,9DADF88CB3407C4E89403315F640393E,1,2016,Q4
3151261,9DADF88CB3407C4E89403315F640393E,1,2016,Q4
3159645,9DADF88CB3407C4E89403315F640393E,1,2016,Q4
3178860,9DADF88CB3407C4E89403315F640393E,1,2017,Q1
3183438,4EA96F95093551428215F7AB1A155D26,0,2016,Q4
3200509,9DADF88CB3407C4E89403315F640393E,0,2016,Q4
3253450,9DADF88CB3407C4E89403315F640393E,0,2016,Q4
3283120,9DADF88CB3407C4E89403315F640393E,1,2017,Q1
3290911,9DADF88CB3407C4E89403315F640393E,1,2017,Q1
3312686,9DADF88CB3407C4E89403315F640393E,0,2017,Q2
3395114,4EA96F95093551428215F7AB1A155D26,0,2017,Q4
3542770,4EA96F95093551428215F7AB1A155D26,0,2018,Q4
3708865,4EA96F95093551428215F7AB1A155D26,0,2020,Q1
3851925,4EA96F95093551428215F7AB1A155D26,0,2020,Q4
3983397,4EA96F95093551428215F7AB1A155D26,0,2021,Q4
4045104,4EA96F95093551428215F7AB1A155D26,0,2021,Q4
4170325,4EA96F95093551428215F7AB1A155D26,0,2022,Q4
4264415,4EA96F95093551428215F7AB1A155D26,0,2022,Q4
4616180,48145A7CD326714FB375D9F4BF8A9BEC,1,1999,Q3
4617178,D4DBBAC6561929409BA45725A220613E,1,1999,Q3
4649928,D4DBBAC6561929409BA45725A220613E,0,1999,Q4
4654720,48145A7CD326714FB375D9F4BF8A9BEC,0,1999,Q4
4675279,D4DBBAC6561929409BA45725A220613E,0,2000,Q1
4684204,48145A7CD326714FB375D9F4BF8A9BEC,0,2000,Q1
4689515,D4DBBAC6561929409BA45725A220613E,0,2000,Q2
4703754,48145A7CD326714FB375D9F4BF8A9BEC,0,2000,Q2
4714015,48145A7CD326714FB375D9F4BF8A9BEC,0,2000,Q3
4716248,D4DBBAC6561929409BA45725A220613E,0,2000,Q3
4741322,D4DBBAC6561929409BA45725A220613E,0,2000,Q4
4744809,48145A7CD326714FB375D9F4BF8A9BEC,0,2000,Q4
4764946,D4DBBAC6561929409BA45725A220613E,0,2001,Q1
4773144,48145A7CD326714FB375D9F4BF8A9BEC,0,2001,Q1
4803085,D4DBBAC6561929409BA45725A220613E,0,2001,Q2
4812291,48145A7CD326714FB375D9F4BF8A9BEC,0,2001,Q2
4827453,D4DBBAC6561929409BA45725A220613E,0,2001,Q3
4838633,48145A7CD326714FB375D9F4BF8A9BEC,0,2001,Q3
4849762,D4DBBAC6561929409BA45725A220613E,0,2001,Q4
4850608,48145A7CD326714FB375D9F4BF8A9BEC,0,2001,Q4
4874194,D4DBBAC6561929409BA45725A220613E,0,2002,Q1
4876176,48145A7CD326714FB375D9F4BF8A9BEC,0,2002,Q1
4908621,48145A7CD326714FB375D9F4BF8A9BEC,0,2002,Q2
4910946,D4DBBAC6561929409BA45725A220613E,0,2002,Q2
4929541,D4DBBAC6561929409BA45725A220613E,0,2002,Q3
4931870,48145A7CD326714FB375D9F4BF8A9BEC,0,2002,Q3
4943046,D4DBBAC6561929409BA45725A220613E,0,2002,Q4
4947031,48145A7CD326714FB375D9F4BF8A9BEC,0,2002,Q4
4974019,48145A7CD326714FB375D9F4BF8A9BEC,0,2003,Q1
4979333,D4DBBAC6561929409BA45725A220613E,0,2003,Q1
5031985,48145A7CD326714FB375D9F4BF8A9BEC,0,2004,Q1
5040292,D4DBBAC6561929409BA45725A220613E,0,2004,Q1
5142407,48145A7CD326714FB375D9F4BF8A9BEC,0,2005,Q1
5144194,D4DBBAC6561929409BA45725A220613E,0,2005,Q1
5236444,55B01C14C2640948A54F2F3A0FB715A1,1,2006,Q1
5244217,55B01C14C2640948A54F2F3A0FB715A1,1,2006,Q1
5246023,D4DBBAC6561929409BA45725A220613E,0,2006,Q1
5248291,48145A7CD326714FB375D9F4BF8A9BEC,0,2006,Q1
5289614,55B01C14C2640948A54F2F3A0FB715A1,0,2006,Q1
5313668,55B01C14C2640948A54F2F3A0FB715A1,0,2006,Q2
5338762,55B01C14C2640948A54F2F3A0FB715A1,0,2006,Q3
5367675,55B01C14C2640948A54F2F3A0FB715A1,0,2006,Q4
5407617,48145A7CD326714FB375D9F4BF8A9BEC,0,2007,Q1
5409964,D4DBBAC6561929409BA45725A220613E,0,2007,Q1
5481747,55B01C14C2640948A54F2F3A0FB715A1,0,2007,Q2
5541115,55B01C14C2640948A54F2F3A0FB715A1,0,2007,Q3
5600534,55B01C14C2640948A54F2F3A0FB715A1,0,2007,Q4
5670758,55B01C14C2640948A54F2F3A0FB715A1,0,2007,Q4
5692471,55B01C14C2640948A54F2F3A0FB715A1,0,2008,Q1
5698231,D4DBBAC6561929409BA45725A220613E,0,2008,Q1
5709928,48145A7CD326714FB375D9F4BF8A9BEC,0,2008,Q1
5774178,55B01C14C2640948A54F2F3A0FB715A1,0,2008,Q1
5784665,55B01C14C2640948A54F2F3A0FB715A1,0,2008,Q1
6037322,55B01C14C2640948A54F2F3A0FB715A1,0,2008,Q4
6039775,55B01C14C2640948A54F2F3A0FB715A1,0,2008,Q4
6064358,D4DBBAC6561929409BA45725A220613E,0,2009,Q1
6064824,48145A7CD326714FB375D9F4BF8A9BEC,0,2009,Q1
6400186,D4DBBAC6561929409BA45725A220613E,0,2010,Q1
6402919,48145A7CD326714FB375D9F4BF8A9BEC,0,2010,Q1
6758598,48145A7CD326714FB375D9F4BF8A9BEC,0,2011,Q1
6767529,D4DBBAC6561929409BA45725A220613E,0,2011,Q1
7194266,48145A7CD326714FB375D9F4BF8A9BEC,0,2012,Q1
7197073,D4DBBAC6561929409BA45725A220613E,0,2012,Q1
7630624,48145A7CD326714FB375D9F4BF8A9BEC,0,2013,Q1
7637371,D4DBBAC6561929409BA45725A220613E,0,2013,Q1
8091769,D4DBBAC6561929409BA45725A220613E,0,2014,Q1
8096022,48145A7CD326714FB375D9F4BF8A9BEC,0,2014,Q1
8411487,D4DBBAC6561929409BA45725A220613E,0,2015,Q1
8420242,48145A7CD326714FB375D9F4BF8A9BEC,0,2015,Q1
8673563,D4DBBAC6561929409BA45725A220613E,0,2016,Q1
8677033,D4DBBAC6561929409BA45725A220613E,0,2016,Q1
8682589,48145A7CD326714FB375D9F4BF8A9BEC,0,2016,Q1
8687614,48145A7CD326714FB375D9F4BF8A9BEC,0,2016,Q1
8851048,D4DBBAC6561929409BA45725A220613E,0,2016,Q4
8856117,48145A7CD326714FB375D9F4BF8A9BEC,0,2016,Q4
8904873,C0993C184A6F944098E47CC8425B2FC9,1,2017,Q4
8905316,C0993C184A6F944098E47CC8425B2FC9,1,2017,Q4
8908559,C0993C184A6F944098E47CC8425B2FC9,1,2017,Q4
8908841,C0993C184A6F944098E47CC8425B2FC9,1,2017,Q4
8912516,C0993C184A6F944098E47CC8425B2FC9,0,2017,Q4
8912597,D4DBBAC6561929409BA45725A220613E,0,2017,Q4
8928338,48145A7CD326714FB375D9F4BF8A9BEC,0,2017,Q4
8983609,C0993C184A6F944098E47CC8425B2FC9,1,2018,Q1
8983943,C0993C184A6F944098E47CC8425B2FC9,1,2018,Q1
8986940,C0993C184A6F944098E47CC8425B2FC9,1,2018,Q1
8986982,C0993C184A6F944098E47CC8425B2FC9,1,2018,Q1
8989240,C0993C184A6F944098E47CC8425B2FC9,1,2018,Q1
8989304,C0993C184A6F944098E47CC8425B2FC9,1,2018,Q1
8992728,C0993C184A6F944098E47CC8425B2FC9,1,2018,Q2
8993879,C0993C184A6F944098E47CC8425B2FC9,1,2018,Q2
8997116,C0993C184A6F944098E47CC8425B2FC9,1,2018,Q2
8997185,C0993C184A6F944098E47CC8425B2FC9,1,2018,Q2
8999416,C0993C184A6F944098E47CC8425B2FC9,1,2018,Q2
8999438,C0993C184A6F944098E47CC8425B2FC9,1,2018,Q2
9003703,C0993C184A6F944098E47CC8425B2FC9,1,2018,Q3
9003876,C0993C184A6F944098E47CC8425B2FC9,1,2018,Q3
9006861,C0993C184A6F944098E47CC8425B2FC9,1,2018,Q3
9006994,C0993C184A6F944098E47CC8425B2FC9,1,2018,Q3
9010729,C0993C184A6F944098E47CC8425B2FC9,1,2018,Q3
9011189,C0993C184A6F944098E47CC8425B2FC9,1,2018,Q3
9013976,C0993C184A6F944098E47CC8425B2FC9,1,2018,Q4
9014385,C0993C184A6F944098E47CC8425B2FC9,1,2018,Q4
9017105,C0993C184A6F944098E47CC8425B2FC9,1,2018,Q4
9017659,C0993C184A6F944098E47CC8425B2FC9,1,2018,Q4
9021183,C0993C184A6F944098E47CC8425B2FC9,1,2018,Q4
9021251,C0993C184A6F944098E47CC8425B2FC9,1,2018,Q4
9029827,48145A7CD326714FB375D9F4BF8A9BEC,1,2018,Q4
9043849,C0993C184A6F944098E47CC8425B2FC9,1,2018,Q4
9046161,D4DBBAC6561929409BA45725A220613E,1,2018,Q4
9117446,D4DBBAC6561929409BA45725A220613E,0,2018,Q4
9124765,48145A7CD326714FB375D9F4BF8A9BEC,0,2018,Q4
9132436,C0993C184A6F944098E47CC8425B2FC9,0,2018,Q4
9210491,D4DBBAC6561929409BA45725A220613E,0,2018,Q4
9212173,48145A7CD326714FB375D9F4BF8A9BEC,0,2018,Q4
9218465,C0993C184A6F944098E47CC8425B2FC9,0,2018,Q4
9250326,C0993C184A6F944098E47CC8425B2FC9,1,2019,Q1
9250778,C0993C184A6F944098E47CC8425B2FC9,1,2019,Q1
9253541,C0993C184A6F944098E47CC8425B2FC9,1,2019,Q1
9253648,C0993C184A6F944098E47CC8425B2FC9,1,2019,Q1
9257169,C0993C184A6F944098E47CC8425B2FC9,1,2019,Q1
9257745,C0993C184A6F944098E47CC8425B2FC9,1,2019,Q1
9260486,C0993C184A6F944098E47CC8425B2FC9,1,2019,Q2
9260606,C0993C184A6F944098E47CC8425B2FC9,1,2019,Q2
9263498,C0993C184A6F944098E47CC8425B2FC9,1,2019,Q2
9263995,C0993C184A6F944098E47CC8425B2FC9,1,2019,Q2
9266708,C0993C184A6F944098E47CC8425B2FC9,1,2019,Q2
9267690,C0993C184A6F944098E47CC8425B2FC9,1,2019,Q2
9269810,C0993C184A6F944098E47CC8425B2FC9,1,2019,Q3
9271254,C0993C184A6F944098E47CC8425B2FC9,1,2019,Q3
9274437,C0993C184A6F944098E47CC8425B2FC9,1,2019,Q3
9274463,C0993C184A6F944098E47CC8425B2FC9,1,2019,Q3
9277429,C0993C184A6F944098E47CC8425B2FC9,1,2019,Q3
9278096,C0993C184A6F944098E47CC8425B2FC9,1,2019,Q3
9281414,C0993C184A6F944098E47CC8425B2FC9,1,2019,Q4
9281836,C0993C184A6F944098E47CC8425B2FC9,1,2019,Q4
9284587,C0993C184A6F944098E47CC8425B2FC9,1,2019,Q4
9285300,C0993C184A6F944098E47CC8425B2FC9,1,2019,Q4
9289502,C0993C184A6F944098E47CC8425B2FC9,1,2019,Q4
9289815,C0993C184A6F944098E47CC8425B2FC9,1,2019,Q4
9353100,D4DBBAC6561929409BA45725A220613E,0,2020,Q1
9355813,48145A7CD326714FB375D9F4BF8A9BEC,0,2020,Q1
9364103,C0993C184A6F944098E47CC8425B2FC9,0,2020,Q1
9386344,C0993C184A6F944098E47CC8425B2FC9,1,2020,Q1
9387052,C0993C184A6F944098E47CC8425B2FC9,1,2020,Q1
9390143,C0993C184A6F944098E47CC8425B2FC9,1,2020,Q1
9390656,C0993C184A6F944098E47CC8425B2FC9,1,2020,Q1
9392634,C0993C184A6F944098E47CC8425B2FC9,1,2020,Q1
9392958,C0993C184A6F944098E47CC8425B2FC9,1,2020,Q1
9396987,C0993C184A6F944098E47CC8425B2FC9,1,2020,Q2
9397849,C0993C184A6F944098E47CC8425B2FC9,1,2020,Q2
9400481,C0993C184A6F944098E47CC8425B2FC9,1,2020,Q2
9401729,C0993C184A6F944098E47CC8425B2FC9,1,2020,Q2
9405224,C0993C184A6F944098E47CC8425B2FC9,1,2020,Q2
9405566,C0993C184A6F944098E47CC8425B2FC9,1,2020,Q2
9409293,C0993C184A6F944098E47CC8425B2FC9,1,2020,Q3
9409389,C0993C184A6F944098E47CC8425B2FC9,1,2020,Q3
9412163,C0993C184A6F944098E47CC8425B2FC9,1,2020,Q3
9412298,C0993C184A6F944098E47CC8425B2FC9,1,2020,Q3
9415987,C0993C184A6F944098E47CC8425B2FC9,1,2020,Q3
9416532,C0993C184A6F944098E47CC8425B2FC9,1,2020,Q3
9420081,C0993C184A6F944098E47CC8425B2FC9,1,2020,Q4
9420409,C0993C184A6F944098E47CC8425B2FC9,1,2020,Q4
9422761,C0993C184A6F944098E47CC8425B2FC9,1,2020,Q4
9423517,C0993C184A6F944098E47CC8425B2FC9,1,2020,Q4
9427953,C0993C184A6F944098E47CC8425B2FC9,1,2020,Q4
9428062,C0993C184A6F944098E47CC8425B2FC9,1,2020,Q4
9456868,C0993C184A6F944098E47CC8425B2FC9,0,2020,Q4
9474476,48145A7CD326714FB375D9F4BF8A9BEC,0,2020,Q4
9480547,D4DBBAC6561929409BA45725A220613E,0,2020,Q4
9506120,C0993C184A6F944098E47CC8425B2FC9,1,2021,Q1
9507074,C0993C184A6F944098E47CC8425B2FC9,1,2021,Q1
9510584,C0993C184A6F944098E47CC8425B2FC9,1,2021,Q1
9511063,C0993C184A6F944098E47CC8425B2FC9,1,2021,Q1
9587021,48145A7CD326714FB375D9F4BF8A9BEC,0,2021,Q4
9601407,D4DBBAC6561929409BA45725A220613E,0,2021,Q4
9756771,36C2EC983556E443817033C4032D7BA8,1,2004,Q4
9758971,A497026B4BAF364B8618FDCF81E3555D,1,2004,Q4
9778972,3DCFF11974B3D8458CE3569DE9E855D5,1,2004,Q4
9817000,C123E70F73A1C94DB040407D1FD29D57,1,2004,Q4
9843102,3DCFF11974B3D8458CE3569DE9E855D5,0,2004,Q4
9845045,C123E70F73A1C94DB040407D1FD29D57,0,2004,Q4
9847309,A497026B4BAF364B8618FDCF81E3555D,0,2004,Q4
9860061,36C2EC983556E443817033C4032D7BA8,0,2004,Q4
9879334,A497026B4BAF364B8618FDCF81E3555D,1,2005,Q1
9879486,C123E70F73A1C94DB040407D1FD29D57,1,2005,Q1
9903365,3DCFF11974B3D8458CE3569DE9E855D5,1,2005,Q1
9920518,A497026B4BAF364B8618FDCF81E3555D,1,2005,Q1
9923340,C123E70F73A1C94DB040407D1FD29D57,1,2005,Q1
9938300,3DCFF11974B3D8458CE3569DE9E855D5,1,2005,Q1
9963030,C123E70F73A1C94DB040407D1FD29D57,1,2005,Q1
9967425,3DCFF11974B3D8458CE3569DE9E855D5,1,2005,Q1
9987234,C123E70F73A1C94DB040407D1FD29D57,1,2005,Q2
10006147,3DCFF11974B3D8458CE3569DE9E855D5,1,2005,Q2
10013102,C123E70F73A1C94DB040407D1FD29D57,1,2005,Q2
10036358,3DCFF11974B3D8458CE3569DE9E855D5,1,2005,Q2
10046203,C123E70F73A1C94DB040407D1FD29D57,1,2005,Q2
10070283,3DCFF11974B3D8458CE3569DE9E855D5,1,2005,Q2
10081106,3DCFF11974B3D8458CE3569DE9E855D5,0,2005,Q2
10090776,C123E70F73A1C94DB040407D1FD29D57,0,2005,Q2
10104581,36C2EC983556E443817033C4032D7BA8,0,2005,Q2
10117778,C123E70F73A1C94DB040407D1FD29D57,1,2005,Q3
10136902,3DCFF11974B3D8458CE3569DE9E855D5,1,2005,Q3
10154921,35BFFA05321C014B9FC29A189E89EDF0,1,2005,Q3
10163726,C123E70F73A1C94DB040407D1FD29D57,1,2005,Q3
10166598,3DCFF11974B3D8458CE3569DE9E855D5,1,2005,Q3
10190562,35BFFA05321C014B9FC29A189E89EDF0,1,2005,Q3
10191500,C123E70F73A1C94DB040407D1FD29D57,1,2005,Q3
10197794,3DCFF11974B3D8458CE3569DE9E855D5,1,2005,Q3
10207638,35BFFA05321C014B9FC29A189E89EDF0,1,2005,Q4
10215773,C123E70F73A1C94DB040407D1FD29D57,1,2005,Q4
10226203,3DCFF11974B3D8458CE3569DE9E855D5,1,2005,Q4
10238477,35BFFA05321C014B9FC29A189E89EDF0,1,2005,Q4
10238932,C123E70F73A1C94DB040407D1FD29D57,1,2005,Q4
10257013,3DCFF11974B3D8458CE3569DE9E855D5,1,2005,Q4
10274533,35BFFA05321C014B9FC29A189E89EDF0,1,2005,Q4
10283565,C123E70F73A1C94DB040407D1FD29D57,1,2005,Q4
10292059,3DCFF11974B3D8458CE3569DE9E855D5,1,2005,Q4
10300450,F59C4E62F115684899EAE9B5D5ECF70F,1,2005,Q4
10304403,C123E70F73A1C94DB040407D1FD29D57,0,2005,Q4
10306403,35BFFA05321C014B9FC29A189E89EDF0,0,2005,Q4
10318231,F59C4E62F115684899EAE9B5D5ECF70F,0,2005,Q4
10380863,3DCFF11974B3D8458CE3569DE9E855D5,0,2005,Q4
10384524,36C2EC983556E443817033C4032D7BA8,0,2005,Q4
10397084,35BFFA05321C014B9FC29A189E89EDF0,1,2006,Q1
10415013,C123E70F73A1C94DB040407D1FD29D57,1,2006,Q1
10417576,3DCFF11974B3D8458CE3569DE9E855D5,1,2006,Q1
10422223,F59C4E62F115684899EAE9B5D5ECF70F,1,2006,Q1
10439657,C123E70F73A1C94DB040407D1FD29D57,1,2006,Q1
10451118,3DCFF11974B3D8458CE3569DE9E855D5,1,2006,Q1
10452790,F59C4E62F115684899EAE9B5D5ECF70F,1,2006,Q1
10460844,C123E70F73A1C94DB040407D1FD29D57,1,2006,Q1
10465362,35BFFA05321C014B9FC29A189E89EDF0,1,2006,Q1
10480648,3DCFF11974B3D8458CE3569DE9E855D5,1,2006,Q1
10482801,F59C4E62F115684899EAE9B5D5ECF70F,1,2006,Q1
10503619,C123E70F73A1C94DB040407D1FD29D57,1,2006,Q2
10513746,3DCFF11974B3D8458CE3569DE9E855D5,1,2006,Q2
10515587,F59C4E62F115684899EAE9B5D5ECF70F,1,2006,Q2
10529698,C123E70F73A1C94DB040407D1FD29D57,1,2006,Q2
10532936,35BFFA05321C014B9FC29A189E89EDF0,1,2006,Q2
10543681,3DCFF11974B3D8458CE3569DE9E855D5,1,2006,Q2
10548184,F59C4E62F115684899EAE9B5D5ECF70F,1,2006,Q2
10557389,C123E70F73A1C94DB040407D1FD29D57,1,2006,Q2
10572245,35BFFA05321C014B9FC29A189E89EDF0,1,2006,Q2
10577859,3DCFF11974B3D8458CE3569DE9E855D5,1,2006,Q2
10580356,F59C4E62F115684899EAE9B5D5ECF70F,1,2006,Q2
10604580,35BFFA05321C014B9FC29A189E89EDF0,1,2006,Q3
10606342,C123E70F73A1C94DB040407D1FD29D57,1,2006,Q3
10611560,F59C4E62F115684899EAE9B5D5ECF70F,1,2006,Q3
10612111,3DCFF11974B3D8458CE3569DE9E855D5,1,2006,Q3
10631664,C123E70F73A1C94DB040407D1FD29D57,1,2006,Q3
10638463,35BFFA05321C014B9FC29A189E89EDF0,1,2006,Q3
10645623,3DCFF11974B3D8458CE3569DE9E855D5,1,2006,Q3
10649782,F59C4E62F115684899EAE9B5D5ECF70F,1,2006,Q3
10660533,35BFFA05321C014B9FC29A189E89EDF0,1,2006,Q3
10663554,C123E70F73A1C94DB040407D1FD29D57,1,2006,Q3
10677229,3DCFF11974B3D8458CE3569DE9E855D5,1,2006,Q3
10684301,F59C4E62F115684899EAE9B5D5ECF70F,1,2006,Q3
10702166,C123E70F73A1C94DB040407D1FD29D57,1,2006,Q4
10705251,35BFFA05321C014B9FC29A189E89EDF0,1,2006,Q4
10709775,3DCFF11974B3D8458CE3569DE9E855D5,1,2006,Q4
10716479,F59C4E62F115684899EAE9B5D5ECF70F,1,2006,Q4
10721165,35BFFA05321C014B9FC29A189E89EDF0,1,2006,Q4
10721997,C123E70F73A1C94DB040407D1FD29D57,1,2006,Q4
10742009,3DCFF11974B3D8458CE3569DE9E855D5,1,2006,Q4
10748480,36C2EC983556E443817033C4032D7BA8,1,2008,Q2
10752323,F59C4E62F115684899EAE9B5D5ECF70F,1,2006,Q4
10757284,3DCFF11974B3D8458CE3569DE9E855D5,1,2006,Q4
10762644,C123E70F73A1C94DB040407D1FD29D57,1,2006,Q4
10765643,35BFFA05321C014B9FC29A189E89EDF0,1,2006,Q4
10789235,F59C4E62F115684899EAE9B5D5ECF70F,1,2006,Q4
10796359,C123E70F73A1C94DB040407D1FD29D57,0,2006,Q4
10811196,F59C4E62F115684899EAE9B5D5ECF70F,0,2006,Q4
10858721,35BFFA05321C014B9FC29A189E89EDF0,0,2006,Q4
10867048,3DCFF11974B3D8458CE3569DE9E855D5,0,2006,Q4
10870828,36C2EC983556E443817033C4032D7BA8,0,2006,Q4
10908555,C123E70F73A1C94DB040407D1FD29D57,1,2007,Q1
10928357,3DCFF11974B3D8458CE3569DE9E855D5,1,2007,Q1
10935785,F59C4E62F115684899EAE9B5D5ECF70F,1,2007,Q1
10947903,35BFFA05321C014B9FC29A189E89EDF0,1,2007,Q1
10952148,C123E70F73A1C94DB040407D1FD29D57,1,2007,Q1
10963899,3DCFF11974B3D8458CE3569DE9E855D5,1,2007,Q1
10971162,F59C4E62F115684899EAE9B5D5ECF70F,1,2007,Q1
10978795,C123E70F73A1C94DB040407D1FD29D57,1,2007,Q1
10996464,35BFFA05321C014B9FC29A189E89EDF0,1,2007,Q1
10999512,3DCFF11974B3D8458CE3569DE9E855D5,1,2007,Q1
11007793,F59C4E62F115684899EAE9B5D5ECF70F,1,2007,Q1
11027802,35BFFA05321C014B9FC29A189E89EDF0,1,2007,Q2
11028374,C123E70F73A1C94DB040407D1FD29D57,1,2007,Q2
11030987,D7BB4503164A6F4F8DF479536B54C607,1,2007,Q2
11035401,3DCFF11974B3D8458CE3569DE9E855D5,1,2007,Q2
11044247,F59C4E62F115684899EAE9B5D5ECF70F,1,2007,Q2
11049241,3DCFF11974B3D8458CE3569DE9E855D5,1,2007,Q2
11058726,C123E70F73A1C94DB040407D1FD29D57,1,2007,Q2
11065435,35BFFA05321C014B9FC29A189E89EDF0,1,2007,Q2
11069102,D7BB4503164A6F4F8DF479536B54C607,1,2007,Q2
11080504,F59C4E62F115684899EAE9B5D5ECF70F,1,2007,Q2
11088023,3DCFF11974B3D8458CE3569DE9E855D5,1,2007,Q2
11091990,35BFFA05321C014B9FC29A189E89EDF0,1,2007,Q2
11103156,D7BB4503164A6F4F8DF479536B54C607,1,2007,Q2
11106366,C123E70F73A1C94DB040407D1FD29D57,1,2007,Q2
11115521,F59C4E62F115684899EAE9B5D5ECF70F,1,2007,Q2
11129508,35BFFA05321C014B9FC29A189E89EDF0,1,2007,Q3
11134578,D7BB4503164A6F4F8DF479536B54C607,1,2007,Q3
11140091,C123E70F73A1C94DB040407D1FD29D57,1,2007,Q3
11144474,3DCFF11974B3D8458CE3569DE9E855D5,1,2007,Q3
11153769,F59C4E62F115684899EAE9B5D5ECF70F,1,2007,Q3
11159548,D7BB4503164A6F4F8DF479536B54C607,1,2007,Q3
11162228,35BFFA05321C014B9FC29A189E89EDF0,1,2007,Q3
11174519,C123E70F73A1C94DB040407D1FD29D57,1,2007,Q3
11180355,3DCFF11974B3D8458CE3569DE9E855D5,1,2007,Q3
11188596,F59C4E62F115684899EAE9B5D5ECF70F,1,2007,Q3
11194591,D7BB4503164A6F4F8DF479536B54C607,1,2007,Q3
11196830,35BFFA05321C014B9FC29A189E89EDF0,1,2007,Q3
11212131,C123E70F73A1C94DB040407D1FD29D57,1,2007,Q3
11218094,3DCFF11974B3D8458CE3569DE9E855D5,1,2007,Q3
11224960,F59C4E62F115684899EAE9B5D5ECF70F,1,2007,Q3
11247740,C123E70F73A1C94DB040407D1FD29D57,1,2007,Q4
11248672,D7BB4503164A6F4F8DF479536B54C607,1,2007,Q4
11252758,35BFFA05321C014B9FC29A189E89EDF0,1,2007,Q4
11254313,3DCFF11974B3D8458CE3569DE9E855D5,1,2007,Q4
11263361,F59C4E62F115684899EAE9B5D5ECF70F,1,2007,Q4
11268500,35BFFA05321C014B9FC29A189E89EDF0,1,2007,Q4
11268994,C123E70F73A1C94DB040407D1FD29D57,1,2007,Q4
11272242,36C2EC983556E443817033C4032D7BA8,1,2007,Q4
11287971,D7BB4503164A6F4F8DF479536B54C607,1,2007,Q4
11295752,3DCFF11974B3D8458CE3569DE9E855D5,1,2007,Q4
11315784,C123E70F73A1C94DB040407D1FD29D57,1,2007,Q4
11324320,35BFFA05321C014B9FC29A189E89EDF0,1,2007,Q4
11325411,36C2EC983556E443817033C4032D7BA8,1,2007,Q4
11327441,D7BB4503164A6F4F8DF479536B54C607,1,2007,Q4
11334635,3DCFF11974B3D8458CE3569DE9E855D5,1,2007,Q4
11360960,F59C4E62F115684899EAE9B5D5ECF70F,0,2008,Q1
11440740,C123E70F73A1C94DB040407D1FD29D57,1,2008,Q1
11444407,35BFFA05321C014B9FC29A189E89EDF0,1,2008,Q1
11450163,36C2EC983556E443817033C4032D7BA8,1,2008,Q1
11451659,D7BB4503164A6F4F8DF479536B54C607,1,2008,Q1
11453005,3DCFF11974B3D8458CE3569DE9E855D5,1,2008,Q1
11468525,F59C4E62F115684899EAE9B5D5ECF70F,1,2008,Q1
11468580,F59C4E62F115684899EAE9B5D5ECF70F,1,2008,Q1
11477057,35BFFA05321C014B9FC29A189E89EDF0,1,2008,Q1
11479014,D7BB4503164A6F4F8DF479536B54C607,1,2008,Q1
11489515,36C2EC983556E443817033C4032D7BA8,1,2008,Q1
11490710,C123E70F73A1C94DB040407D1FD29D57,1,2008,Q1
11502763,3DCFF11974B3D8458CE3569DE9E855D5,1,2008,Q1
11508920,F59C4E62F115684899EAE9B5D5ECF70F,1,2008,Q1
11526696,35BFFA05321C014B9FC29A189E89EDF0,1,2008,Q1
11537267,D7BB4503164A6F4F8DF479536B54C607,1,2008,Q1
11541858,C123E70F73A1C94DB040407D1FD29D57,1,2008,Q1
11542128,36C2EC983556E443817033C4032D7BA8,1,2008,Q1
11546743,3DCFF11974B3D8458CE3569DE9E855D5,1,2008,Q1
11572271,3DCFF11974B3D8458CE3569DE9E855D5,1,2008,Q2
11572988,36C2EC983556E443817033C4032D7BA8,1,2008,Q2
11574076,35BFFA05321C014B9FC29A189E89EDF0,1,2008,Q2
11581574,C123E70F73A1C94DB040407D1FD29D57,1,2008,Q2
11589957,D7BB4503164A6F4F8DF479536B54C607,1,2008,Q2
11595911,F59C4E62F115684899EAE9B5D5ECF70F,1,2008,Q2
11614432,3DCFF11974B3D8458CE3569DE9E855D5,1,2008,Q2
11620247,36C2EC983556E443817033C4032D7BA8,1,2008,Q2
11624544,C123E70F73A1C94DB040407D1FD29D57,1,2008,Q2
11626089,D7BB4503164A6F4F8DF479536B54C607,1,2008,Q2
11636499,35BFFA05321C014B9FC29A189E89EDF0,1,2008,Q2
11652868,F59C4E62F115684899EAE9B5D5ECF70F,1,2008,Q2
11668635,D7BB4503164A6F4F8DF479536B54C607,1,2008,Q2
11673529,35BFFA05321C014B9FC29A189E89EDF0,1,2008,Q2
11677819,C123E70F73A1C94DB040407D1FD29D57,1,2008,Q2
11679331,3DCFF11974B3D8458CE3569DE9E855D5,1,2008,Q2
11708266,3DCFF11974B3D8458CE3569DE9E855D5,1,2008,Q3
11708518,36C2EC983556E443817033C4032D7BA8,1,2008,Q3
11712253,35BFFA05321C014B9FC29A189E89EDF0,1,2008,Q3
11719760,D7BB4503164A6F4F8DF479536B54C607,1,2008,Q3
11726272,C123E70F73A1C94DB040407D1FD29D57,1,2008,Q3
11740746,F59C4E62F115684899EAE9B5D5ECF70F,1,2008,Q3
11756383,36C2EC983556E443817033C4032D7BA8,1,2008,Q3
11758828,35BFFA05321C014B9FC29A189E89EDF0,1,2008,Q3
11760061,D7BB4503164A6F4F8DF479536B54C607,1,2008,Q3
11764260,C123E70F73A1C94DB040407D1FD29D57,1,2008,Q3
11769599,3DCFF11974B3D8458CE3569DE9E855D5,1,2008,Q3
11788475,35BFFA05321C014B9FC29A189E89EDF0,1,2008,Q3
11789958,36C2EC983556E443817033C4032D7BA8,1,2008,Q3
11793148,C123E70F73A1C94DB040407D1FD29D57,1,2008,Q3
11793889,D7BB4503164A6F4F8DF479536B54C607,1,2008,Q3
11807273,3DCFF11974B3D8458CE3569DE9E855D5,1,2008,Q3
11842588,35BFFA05321C014B9FC29A189E89EDF0,1,2008,Q4
11845200,36C2EC983556E443817033C4032D7BA8,1,2008,Q4
11845835,C123E70F73A1C94DB040407D1FD29D57,1,2008,Q4
11854168,D7BB4503164A6F4F8DF479536B54C607,1,2008,Q4
11857789,3DCFF11974B3D8458CE3569DE9E855D5,1,2008,Q4
11865545,F59C4E62F115684899EAE9B5D5ECF70F,1,2008,Q4
11876282,D7BB4503164A6F4F8DF479536B54C607,1,2008,Q4
11882807,C123E70F73A1C94DB040407D1FD29D57,1,2008,Q4
11891363,3DCFF11974B3D8458CE3569DE9E855D5,1,2008,Q4
11894078,35BFFA05321C014B9FC29A189E89EDF0,1,2008,Q4
11895026,36C2EC983556E443817033C4032D7BA8,1,2008,Q4
11909551,F59C4E62F115684899EAE9B5D5ECF70F,1,2008,Q4
11920605,3DCFF11974B3D8458CE3569DE9E855D5,1,2008,Q4
11923321,D7BB4503164A6F4F8DF479536B54C607,1,2008,Q4
11924861,C123E70F73A1C94DB040407D1FD29D57,1,2008,Q4
11927431,36C2EC983556E443817033C4032D7BA8,1,2008,Q4
11936783,35BFFA05321C014B9FC29A189E89EDF0,1,2008,Q4
11954840,F59C4E62F115684899EAE9B5D5ECF70F,1,2008,Q4
11997073,36C2EC983556E443817033C4032D7BA8,0,2008,Q4
12003320,C123E70F73A1C94DB040407D1FD29D57,0,2008,Q4
12011436,D7BB4503164A6F4F8DF479536B54C607,0,2008,Q4
12012435,3DCFF11974B3D8458CE3569DE9E855D5,0,2008,Q4
12076165,35BFFA05321C014B9FC29A189E89EDF0,0,2008,Q4
12110948,F59C4E62F115684899EAE9B5D5ECF70F,0,2008,Q4
12117431,35BFFA05321C014B9FC29A189E89EDF0,1,2009,Q1
12120815,D7BB4503164A6F4F8DF479536B54C607,1,2009,Q1
12121706,C123E70F73A1C94DB040407D1FD29D57,1,2009,Q1
12129173,36C2EC983556E443817033C4032D7BA8,1,2009,Q1
12135391,3DCFF11974B3D8458CE3569DE9E855D5,1,2009,Q1
12154537,F59C4E62F115684899EAE9B5D5ECF70F,1,2009,Q1
12166068,36C2EC983556E443817033C4032D7BA8,1,2009,Q1
12166462,D7BB4503164A6F4F8DF479536B54C607,1,2009,Q1
12167420,C123E70F73A1C94DB040407D1FD29D57,1,2009,Q1
12181406,3DCFF11974B3D8458CE3569DE9E855D5,1,2009,Q1
12193773,F59C4E62F115684899EAE9B5D5ECF70F,1,2009,Q1
12194187,F59C4E62F115684899EAE9B5D5ECF70F,1,2009,Q1
12209810,36C2EC983556E443817033C4032D7BA8,1,2009,Q1
12216167,D7BB4503164A6F4F8DF479536B54C607,1,2009,Q1
12218519,C123E70F73A1C94DB040407D1FD29D57,1,2009,Q1
12226299,3DCFF11974B3D8458CE3569DE9E855D5,1,2009,Q1
12236836,F59C4E62F115684899EAE9B5D5ECF70F,1,2009,Q1
12248258,3DCFF11974B3D8458CE3569DE9E855D5,1,2009,Q2
12249573,D7BB4503164A6F4F8DF479536B54C607,1,2009,Q2
12260582,36C2EC983556E443817033C4032D7BA8,1,2009,Q2
12263641,C123E70F73A1C94DB040407D1FD29D57,1,2009,Q2
12282160,F59C4E62F115684899EAE9B5D5ECF70F,1,2009,Q2
12290768,36C2EC983556E443817033C4032D7BA8,1,2009,Q2
12301002,C123E70F73A1C94DB040407D1FD29D57,1,2009,Q2
12301463,D7BB4503164A6F4F8DF479536B54C607,1,2009,Q2
12309661,3DCFF11974B3D8458CE3569DE9E855D5,1,2009,Q2
12322471,F59C4E62F115684899EAE9B5D5ECF70F,1,2009,Q2
12334188,3DCFF11974B3D8458CE3569DE9E855D5,1,2009,Q2
12338735,36C2EC983556E443817033C4032D7BA8,1,2009,Q2
12343115,D7BB4503164A6F4F8DF479536B54C607,1,2009,Q2
12351088,C123E70F73A1C94DB040407D1FD29D57,1,2009,Q2
12366102,F59C4E62F115684899EAE9B5D5ECF70F,1,2009,Q3
12373841,3DCFF11974B3D8458CE3569DE9E855D5,1,2009,Q3
12387361,36C2EC983556E443817033C4032D7BA8,1,2009,Q3
12388336,D7BB4503164A6F4F8DF479536B54C607,1,2009,Q3
12390100,C123E70F73A1C94DB040407D1FD29D57,1,2009,Q3
12405488,F59C4E62F115684899EAE9B5D5ECF70F,1,2009,Q3
12418027,C123E70F73A1C94DB040407D1FD29D57,1,2009,Q3
12420237,D7BB4503164A6F4F8DF479536B54C607,1,2009,Q3
12423927,36C2EC983556E443817033C4032D7BA8,1,2009,Q3
12430470,3DCFF11974B3D8458CE3569DE9E855D5,1,2009,Q3
12435351,F59C4E62F115684899EAE9B5D5ECF70F,1,2009,Q3
12455578,C123E70F73A1C94DB040407D1FD29D57,1,2009,Q3
12459370,36C2EC983556E443817033C4032D7BA8,1,2009,Q3
12460182,D7BB4503164A6F4F8DF479536B54C607,1,2009,Q3
12469581,3DCFF11974B3D8458CE3569DE9E855D5,1,2009,Q3
12489269,3DCFF11974B3D8458CE3569DE9E855D5,1,2009,Q4
12493156,36C2EC983556E443817033C4032D7BA8,1,2009,Q4
12494256,C123E70F73A1C94DB040407D1FD29D57,1,2009,Q4
12497207,D7BB4503164A6F4F8DF479536B54C607,1,2009,Q4
12521083,F59C4E62F115684899EAE9B5D5ECF70F,1,2009,Q4
12529461,3DCFF11974B3D8458CE3569DE9E855D5,1,2009,Q4
12530063,36C2EC983556E443817033C4032D7BA8,1,2009,Q4
12533012,C123E70F73A1C94DB040407D1FD29D57,1,2009,Q4
12543633,D7BB4503164A6F4F8DF479536B54C607,1,2009,Q4
12560803,F59C4E62F115684899EAE9B5D5ECF70F,1,2009,Q4
12570395,D7BB4503164A6F4F8DF479536B54C607,1,2009,Q4
12573896,36C2EC983556E443817033C4032D7BA8,1,2009,Q4
12582182,C123E70F73A1C94DB040407D1FD29D57,1,2009,Q4
12587897,3DCFF11974B3D8458CE3569DE9E855D5,1,2009,Q4
12599389,F59C4E62F115684899EAE9B5D5ECF70F,1,2009,Q4
12605002,F59C4E62F115684899EAE9B5D5ECF70F,1,2009,Q4
12641459,36C2EC983556E443817033C4032D7BA8,0,2009,Q4
12677045,C123E70F73A1C94DB040407D1FD29D57,0,2009,Q4
12726483,D7BB4503164A6F4F8DF479536B54C607,0,2009,Q4
12727450,3DCFF11974B3D8458CE3569DE9E855D5,0,2009,Q4
12768089,F59C4E62F115684899EAE9B5D5ECF70F,0,2009,Q4
12792185,D7BB4503164A6F4F8DF479536B54C607,1,2010,Q1
12797992,C123E70F73A1C94DB040407D1FD29D57,1,2010,Q1
12798505,36C2EC983556E443817033C4032D7BA8,1,2010,Q1
12803054,3DCFF11974B3D8458CE3569DE9E855D5,1,2010,Q1
12827679,C123E70F73A1C94DB040407D1FD29D57,1,2010,Q1
12830102,36C2EC983556E443817033C4032D7BA8,1,2010,Q1
12831044,D7BB4503164A6F4F8DF479536B54C607,1,2010,Q1
12848714,3DCFF11974B3D8458CE3569DE9E855D5,1,2010,Q1
12858996,F59C4E62F115684899EAE9B5D5ECF70F,1,2010,Q1
12865643,3DCFF11974B3D8458CE3569DE9E855D5,1,2010,Q1
12882314,36C2EC983556E443817033C4032D7BA8,1,2010,Q1
12883085,D7BB4503164A6F4F8DF479536B54C607,1,2010,Q1
12885164,C123E70F73A1C94DB040407D1FD29D57,1,2010,Q1
12898493,F59C4E62F115684899EAE9B5D5ECF70F,1,2010,Q1
12910823,3DCFF11974B3D8458CE3569DE9E855D5,1,2010,Q2
12917335,C123E70F73A1C94DB040407D1FD29D57,1,2010,Q2
12917955,36C2EC983556E443817033C4032D7BA8,1,2010,Q2
12925988,D7BB4503164A6F4F8DF479536B54C607,1,2010,Q2
12955079,C123E70F73A1C94DB040407D1FD29D57,1,2010,Q2
12957566,D7BB4503164A6F4F8DF479536B54C607,1,2010,Q2
12965202,36C2EC983556E443817033C4032D7BA8,1,2010,Q2
12967109,3DCFF11974B3D8458CE3569DE9E855D5,1,2010,Q2
12981164,F59C4E62F115684899EAE9B5D5ECF70F,1,2010,Q2
12994543,D7BB4503164A6F4F8DF479536B54C607,1,2010,Q2
13001894,36C2EC983556E443817033C4032D7BA8,1,2010,Q2
13003407,C123E70F73A1C94DB040407D1FD29D57,1,2010,Q2
13004485,3DCFF11974B3D8458CE3569DE9E855D5,1,2010,Q2
13019626,F59C4E62F115684899EAE9B5D5ECF70F,1,2010,Q2
13030253,3DCFF11974B3D8458CE3569DE9E855D5,1,2010,Q3
13035400,C123E70F73A1C94DB040407D1FD29D57,1,2010,Q3
13041128,D7BB4503164A6F4F8DF479536B54C607,1,2010,Q3
13057009,F59C4E62F115684899EAE9B5D5ECF70F,1,2010,Q3
13062975,3DCFF11974B3D8458CE3569DE9E855D5,1,2010,Q3
13068432,D7BB4503164A6F4F8DF479536B54C607,1,2010,Q3
13070084,C123E70F73A1C94DB040407D1FD29D57,1,2010,Q3
13097633,F59C4E62F115684899EAE9B5D5ECF70F,1,2010,Q3
13106494,3DCFF11974B3D8458CE3569DE9E855D5,1,2010,Q3
13115959,C123E70F73A1C94DB040407D1FD29D57,1,2010,Q3
13121503,D7BB4503164A6F4F8DF479536B54C607,1,2010,Q3
13138842,F59C4E62F115684899EAE9B5D5ECF70F,1,2010,Q3
13152444,D7BB4503164A6F4F8DF479536B54C607,1,2010,Q4
13155997,C123E70F73A1C94DB040407D1FD29D57,1,2010,Q4
13163391,3DCFF11974B3D8458CE3569DE9E855D5,1,2010,Q4
13180580,F59C4E62F115684899EAE9B5D5ECF70F,1,2010,Q4
13185348,C123E70F73A1C94DB040407D1FD29D57,1,2010,Q4
13189666,D7BB4503164A6F4F8DF479536B54C607,1,2010,Q4
13199752,3DCFF11974B3D8458CE3569DE9E855D5,1,2010,Q4
13222082,F59C4E62F115684899EAE9B5D5ECF70F,1,2010,Q4
13231204,3DCFF11974B3D8458CE3569DE9E855D5,1,2010,Q4
13241092,D7BB4503164A6F4F8DF479536B54C607,1,2010,Q4
13244767,C123E70F73A1C94DB040407D1FD29D57,1,2010,Q4
13262895,F59C4E62F115684899EAE9B5D5ECF70F,1,2010,Q4
13268003,F59C4E62F115684899EAE9B5D5ECF70F,1,2010,Q4
13328571,D7BB4503164A6F4F8DF479536B54C607,0,2010,Q4
13329614,3DCFF11974B3D8458CE3569DE9E855D5,0,2010,Q4
13333062,36C2EC983556E443817033C4032D7BA8,0,2010,Q4
13364147,F59C4E62F115684899EAE9B5D5ECF70F,0,2010,Q4
13372625,C123E70F73A1C94DB040407D1FD29D57,0,2010,Q4
13475814,C123E70F73A1C94DB040407D1FD29D57,1,2011,Q1
13483891,3DCFF11974B3D8458CE3569DE9E855D5,1,2011,Q1
13488030,D7BB4503164A6F4F8DF479536B54C607,1,2011,Q1
13528813,D7BB4503164A6F4F8DF479536B54C607,1,2011,Q1
13532394,C123E70F73A1C94DB040407D1FD29D57,1,2011,Q1
13542773,3DCFF11974B3D8458CE3569DE9E855D5,1,2011,Q1
13566684,F59C4E62F115684899EAE9B5D5ECF70F,1,2011,Q1
13578817,3DCFF11974B3D8458CE3569DE9E855D5,1,2011,Q1
13585181,C123E70F73A1C94DB040407D1FD29D57,1,2011,Q1
13589463,D7BB4503164A6F4F8DF479536B54C607,1,2011,Q1
13609242,F59C4E62F115684899EAE9B5D5ECF70F,1,2011,Q1
13621024,3DCFF11974B3D8458CE3569DE9E855D5,1,2011,Q2
13630817,C123E70F73A1C94DB040407D1FD29D57,1,2011,Q2
13637783,D7BB4503164A6F4F8DF479536B54C607,1,2011,Q2
13648614,F59C4E62F115684899EAE9B5D5ECF70F,1,2011,Q2
13665769,3DCFF11974B3D8458CE3569DE9E855D5,1,2011,Q2
13670095,D7BB4503164A6F4F8DF479536B54C607,1,2011,Q2
13678955,C123E70F73A1C94DB040407D1FD29D57,1,2011,Q2
13707831,F59C4E62F115684899EAE9B5D5ECF70F,1,2011,Q2
13720211,C123E70F73A1C94DB040407D1FD29D57,1,2011,Q2
13727605,D7BB4503164A6F4F8DF479536B54C607,1,2011,Q2
13732933,3DCFF11974B3D8458CE3569DE9E855D5,1,2011,Q2
13757954,3DCFF11974B3D8458CE3569DE9E855D5,1,2011,Q3
13769695,D7BB4503164A6F4F8DF479536B54C607,1,2011,Q3
13771611,C123E70F73A1C94DB040407D1FD29D57,1,2011,Q3
13802195,3DCFF11974B3D8458CE3569DE9E855D5,1,2011,Q3
13808937,C123E70F73A1C94DB040407D1FD29D57,1,2011,Q3
13809725,D7BB4503164A6F4F8DF479536B54C607,1,2011,Q3
13850341,3DCFF11974B3D8458CE3569DE9E855D5,1,2011,Q3
13855480,D7BB4503164A6F4F8DF479536B54C607,1,2011,Q3
13859615,C123E70F73A1C94DB040407D1FD29D57,1,2011,Q3
13892363,C123E70F73A1C94DB040407D1FD29D57,1,2011,Q4
13895548,D7BB4503164A6F4F8DF479536B54C607,1,2011,Q4
13907943,3DCFF11974B3D8458CE3569DE9E855D5,1,2011,Q4
13936458,3DCFF11974B3D8458CE3569DE9E855D5,1,2011,Q4
13942394,D7BB4503164A6F4F8DF479536B54C607,1,2011,Q4
13951071,C123E70F73A1C94DB040407D1FD29D57,1,2011,Q4
13984283,3DCFF11974B3D8458CE3569DE9E855D5,1,2011,Q4
13996997,D7BB4503164A6F4F8DF479536B54C607,1,2011,Q4
14001304,C123E70F73A1C94DB040407D1FD29D57,1,2011,Q4
14049343,C123E70F73A1C94DB040407D1FD29D57,0,2012,Q1
14057836,3DCFF11974B3D8458CE3569DE9E855D5,0,2012,Q1
14220064,D7BB4503164A6F4F8DF479536B54C607,0,2012,Q1
14247028,3DCFF11974B3D8458CE3569DE9E855D5,1,2012,Q1
14251261,D7BB4503164A6F4F8DF479536B54C607,1,2012,Q1
14258763,C123E70F73A1C94DB040407D1FD29D57,1,2012,Q1
14296495,3DCFF11974B3D8458CE3569DE9E855D5,1,2012,Q1
14300242,D7BB4503164A6F4F8DF479536B54C607,1,2012,Q1
14308000,C123E70F73A1C94DB040407D1FD29D57,1,2012,Q1
14345699,3DCFF11974B3D8458CE3569DE9E855D5,1,2012,Q1
14361337,C123E70F73A1C94DB040407D1FD29D57,1,2012,Q1
14361816,D7BB4503164A6F4F8DF479536B54C607,1,2012,Q1
14390805,3DCFF11974B3D8458CE3569DE9E855D5,1,2012,Q2
14400213,C123E70F73A1C94DB040407D1FD29D57,1,2012,Q2
14402538,D7BB4503164A6F4F8DF479536B54C607,1,2012,Q2
14434568,3DCFF11974B3D8458CE3569DE9E855D5,1,2012,Q2
14449251,C123E70F73A1C94DB040407D1FD29D57,1,2012,Q2
14450460,D7BB4503164A6F4F8DF479536B54C607,1,2012,Q2
14484092,3DCFF11974B3D8458CE3569DE9E855D5,1,2012,Q2
14495234,D7BB4503164A6F4F8DF479536B54C607,1,2012,Q2
14495914,C123E70F73A1C94DB040407D1FD29D57,1,2012,Q2
14528384,3DCFF11974B3D8458CE3569DE9E855D5,1,2012,Q3
14532902,C123E70F73A1C94DB040407D1FD29D57,1,2012,Q3
14534130,D7BB4503164A6F4F8DF479536B54C607,1,2012,Q3
14584832,D7BB4503164A6F4F8DF479536B54C607,1,2012,Q3
14587256,C123E70F73A1C94DB040407D1FD29D57,1,2012,Q3
14592289,3DCFF11974B3D8458CE3569DE9E855D5,1,2012,Q3
14615216,3DCFF11974B3D8458CE3569DE9E855D5,1,2012,Q3
14627987,D7BB4503164A6F4F8DF479536B54C607,1,2012,Q3
14629412,C123E70F73A1C94DB040407D1FD29D57,1,2012,Q3
14657677,3DCFF11974B3D8458CE3569DE9E855D5,1,2012,Q4
14669410,C123E70F73A1C94DB040407D1FD29D57,1,2012,Q4
14705047,3DCFF11974B3D8458CE3569DE9E855D5,1,2012,Q4
14714701,D7BB4503164A6F4F8DF479536B54C607,1,2012,Q4
14716168,C123E70F73A1C94DB040407D1FD29D57,1,2012,Q4
14754280,3DCFF11974B3D8458CE3569DE9E855D5,1,2012,Q4
14761828,C123E70F73A1C94DB040407D1FD29D57,1,2012,Q4
14763356,D7BB4503164A6F4F8DF479536B54C607,1,2012,Q4
14814338,C123E70F73A1C94DB040407D1FD29D57,0,2012,Q4
14822730,D7BB4503164A6F4F8DF479536B54C607,0,2012,Q4
14823816,3DCFF11974B3D8458CE3569DE9E855D5,0,2012,Q4
15044818,C123E70F73A1C94DB040407D1FD29D57,1,2013,Q1
15047166,D7BB4503164A6F4F8DF479536B54C607,1,2013,Q1
15050664,3DCFF11974B3D8458CE3569DE9E855D5,1,2013,Q1
15092972,3DCFF11974B3D8458CE3569DE9E855D5,1,2013,Q1
15096376,C123E70F73A1C94DB040407D1FD29D57,1,2013,Q1
15101957,D7BB4503164A6F4F8DF479536B54C607,1,2013,Q1
15133795,D7BB4503164A6F4F8DF479536B54C607,1,2014,Q3
15155119,C123E70F73A1C94DB040407D1FD29D57,1,2013,Q1
15161891,D7BB4503164A6F4F8DF479536B54C607,1,2013,Q1
15163987,3DCFF11974B3D8458CE3569DE9E855D5,1,2013,Q1
15182776,C123E70F73A1C94DB040407D1FD29D57,1,2014,Q3
15205438,C123E70F73A1C94DB040407D1FD29D57,1,2013,Q2
15205980,D7BB4503164A6F4F8DF479536B54C607,1,2013,Q2
15212556,3DCFF11974B3D8458CE3569DE9E855D5,1,2013,Q2
15235912,3DCFF11974B3D8458CE3569DE9E855D5,1,2014,Q3
15257405,D7BB4503164A6F4F8DF479536B54C607,1,2013,Q2
15258552,C123E70F73A1C94DB040407D1FD29D57,1,2013,Q2
15264541,3DCFF11974B3D8458CE3569DE9E855D5,1,2013,Q2
15300797,C123E70F73A1C94DB040407D1FD29D57,1,2013,Q2
15302244,D7BB4503164A6F4F8DF479536B54C607,1,2013,Q2
15310457,3DCFF11974B3D8458CE3569DE9E855D5,1,2013,Q2
15350243,3DCFF11974B3D8458CE3569DE9E855D5,1,2013,Q3
15361929,C123E70F73A1C94DB040407D1FD29D57,1,2013,Q3
15399555,3DCFF11974B3D8458CE3569DE9E855D5,1,2013,Q3
15408885,C123E70F73A1C94DB040407D1FD29D57,1,2013,Q3
15409385,D7BB4503164A6F4F8DF479536B54C607,1,2013,Q3
15446651,3DCFF11974B3D8458CE3569DE9E855D5,1,2013,Q3
15451811,D7BB4503164A6F4F8DF479536B54C607,1,2013,Q3
15453460,C123E70F73A1C94DB040407D1FD29D57,1,2013,Q3
15504529,C123E70F73A1C94DB040407D1FD29D57,1,2013,Q4
15506886,D7BB4503164A6F4F8DF479536B54C607,1,2013,Q4
15510225,3DCFF11974B3D8458CE3569DE9E855D5,1,2013,Q4
15558558,C123E70F73A1C94DB040407D1FD29D57,1,2013,Q4
15560771,D7BB4503164A6F4F8DF479536B54C607,1,2013,Q4
15564085,3DCFF11974B3D8458CE3569DE9E855D5,1,2013,Q4
15601660,3DCFF11974B3D8458CE3569DE9E855D5,1,2013,Q4
15612271,D7BB4503164A6F4F8DF479536B54C607,1,2013,Q4
15613265,C123E70F73A1C94DB040407D1FD29D57,1,2013,Q4
15644720,3DCFF11974B3D8458CE3569DE9E855D5,1,2014,Q3
15755860,C123E70F73A1C94DB040407D1FD29D57,0,2013,Q4
15761479,3DCFF11974B3D8458CE3569DE9E855D5,0,2013,Q4
15880767,D7BB4503164A6F4F8DF479536B54C607,0,2013,Q4
15914981,3DCFF11974B3D8458CE3569DE9E855D5,1,2014,Q1
15923192,D7BB4503164A6F4F8DF479536B54C607,1,2014,Q1
15926053,C123E70F73A1C94DB040407D1FD29D57,1,2014,Q1
15970986,3DCFF11974B3D8458CE3569DE9E855D5,1,2014,Q1
15972409,D7BB4503164A6F4F8DF479536B54C607,1,2014,Q1
15981151,C123E70F73A1C94DB040407D1FD29D57,1,2014,Q1
16023357,3DCFF11974B3D8458CE3569DE9E855D5,1,2014,Q1
16028348,C123E70F73A1C94DB040407D1FD29D57,1,2014,Q1
16034899,D7BB4503164A6F4F8DF479536B54C607,1,2014,Q1
16070047,3DCFF11974B3D8458CE3569DE9E855D5,1,2014,Q2
16079469,C123E70F73A1C94DB040407D1FD29D57,1,2014,Q2
16083920,D7BB4503164A6F4F8DF479536B54C607,1,2014,Q2
16132817,3DCFF11974B3D8458CE3569DE9E855D5,1,2014,Q2
16139942,D7BB4503164A6F4F8DF479536B54C607,1,2014,Q2
16142461,C123E70F73A1C94DB040407D1FD29D57,1,2014,Q2
16179814,D7BB4503164A6F4F8DF479536B54C607,1,2014,Q2
16183670,C123E70F73A1C94DB040407D1FD29D57,1,2014,Q2
16192908,3DCFF11974B3D8458CE3569DE9E855D5,1,2014,Q2
16245732,C123E70F73A1C94DB040407D1FD29D57,1,2017,Q2
16274383,D7BB4503164A6F4F8DF479536B54C607,1,2014,Q3
16280335,C123E70F73A1C94DB040407D1FD29D57,1,2014,Q3
16296143,D7BB4503164A6F4F8DF479536B54C607,1,2017,Q2
16305525,3DCFF11974B3D8458CE3569DE9E855D5,1,2014,Q3
16315344,C123E70F73A1C94DB040407D1FD29D57,1,2014,Q3
16317739,D7BB4503164A6F4F8DF479536B54C607,1,2014,Q3
16356971,3DCFF11974B3D8458CE3569DE9E855D5,1,2014,Q4
16373438,C123E70F73A1C94DB040407D1FD29D57,1,2014,Q4
16373901,D7BB4503164A6F4F8DF479536B54C607,1,2014,Q4
16412698,3DCFF11974B3D8458CE3569DE9E855D5,1,2014,Q4
16420230,D7BB4503164A6F4F8DF479536B54C607,1,2014,Q4
16425232,C123E70F73A1C94DB040407D1FD29D57,1,2014,Q4
16463719,D7BB4503164A6F4F8DF479536B54C607,1,2014,Q4
16468867,C123E70F73A1C94DB040407D1FD29D57,1,2014,Q4
16480134,3DCFF11974B3D8458CE3569DE9E855D5,1,2014,Q4
16510869,C123E70F73A1C94DB040407D1FD29D57,0,2014,Q4
16515890,D7BB4503164A6F4F8DF479536B54C607,0,2014,Q4
16516540,3DCFF11974B3D8458CE3569DE9E855D5,0,2014,Q4
16780722,3DCFF11974B3D8458CE3569DE9E855D5,1,2015,Q1
16794944,C123E70F73A1C94DB040407D1FD29D57,1,2015,Q1
16829648,C123E70F73A1C94DB040407D1FD29D57,1,2015,Q1
16830778,D7BB4503164A6F4F8DF479536B54C607,1,2015,Q1
16838297,3DCFF11974B3D8458CE3569DE9E855D5,1,2015,Q1
16865733,3DCFF11974B3D8458CE3569DE9E855D5,1,2017,Q2
16872583,3DCFF11974B3D8458CE3569DE9E855D5,1,2015,Q1
16877593,D7BB4503164A6F4F8DF479536B54C607,1,2015,Q1
16880697,C123E70F73A1C94DB040407D1FD29D57,1,2015,Q1
16941386,3DCFF11974B3D8458CE3569DE9E855D5,1,2015,Q2
16943547,C123E70F73A1C94DB040407D1FD29D57,1,2015,Q2
16945629,D7BB4503164A6F4F8DF479536B54C607,1,2015,Q2
16981260,3DCFF11974B3D8458CE3569DE9E855D5,1,2015,Q2
16993912,C123E70F73A1C94DB040407D1FD29D57,1,2015,Q2
16995109,D7BB4503164A6F4F8DF479536B54C607,1,2015,Q2
17038821,D7BB4503164A6F4F8DF479536B54C607,1,2015,Q2
17044247,C123E70F73A1C94DB040407D1FD29D57,1,2015,Q2
17050008,3DCFF11974B3D8458CE3569DE9E855D5,1,2015,Q2
17069771,C123E70F73A1C94DB040407D1FD29D57,1,2017,Q2
17094753,D7BB4503164A6F4F8DF479536B54C607,1,2015,Q3
17100968,C123E70F73A1C94DB040407D1FD29D57,1,2015,Q3
17108346,3DCFF11974B3D8458CE3569DE9E855D5,1,2015,Q3
17122214,D7BB4503164A6F4F8DF479536B54C607,1,2017,Q2
17146707,D7BB4503164A6F4F8DF479536B54C607,1,2015,Q3
17148123,C123E70F73A1C94DB040407D1FD29D57,1,2015,Q3
17149011,3DCFF11974B3D8458CE3569DE9E855D5,1,2015,Q3
17193910,3DCFF11974B3D8458CE3569DE9E855D5,1,2015,Q3
17207906,C123E70F73A1C94DB040407D1FD29D57,1,2015,Q3
17210266,D7BB4503164A6F4F8DF479536B54C607,1,2015,Q3
17249944,3DCFF11974B3D8458CE3569DE9E855D5,1,2015,Q4
17275751,C123E70F73A1C94DB040407D1FD29D57,1,2015,Q4
17278725,D7BB4503164A6F4F8DF479536B54C607,1,2015,Q4
17296221,3DCFF11974B3D8458CE3569DE9E855D5,1,2015,Q4
17300194,C123E70F73A1C94DB040407D1FD29D57,1,2015,Q4
17304946,D7BB4503164A6F4F8DF479536B54C607,1,2015,Q4
17373784,D7BB4503164A6F4F8DF479536B54C607,1,2015,Q4
17375177,C123E70F73A1C94DB040407D1FD29D57,1,2015,Q4
17395533,3DCFF11974B3D8458CE3569DE9E855D5,1,2015,Q4
17450394,D7BB4503164A6F4F8DF479536B54C607,0,2016,Q1
17457527,C123E70F73A1C94DB040407D1FD29D57,0,2016,Q1
17464957,3DCFF11974B3D8458CE3569DE9E855D5,0,2016,Q1
17707708,D7BB4503164A6F4F8DF479536B54C607,1,2016,Q1
17711254,C123E70F73A1C94DB040407D1FD29D57,1,2016,Q1
17720308,3DCFF11974B3D8458CE3569DE9E855D5,1,2016,Q1
17760472,3DCFF11974B3D8458CE3569DE9E855D5,1,2016,Q1
17775146,D7BB4503164A6F4F8DF479536B54C607,1,2016,Q1
17776277,C123E70F73A1C94DB040407D1FD29D57,1,2016,Q1
17806797,3DCFF11974B3D8458CE3569DE9E855D5,1,2016,Q1
17815026,D7BB4503164A6F4F8DF479536B54C607,1,2016,Q1
17821318,C123E70F73A1C94DB040407D1FD29D57,1,2016,Q1
17859942,3DCFF11974B3D8458CE3569DE9E855D5,1,2016,Q2
17879559,C123E70F73A1C94DB040407D1FD29D57,1,2016,Q2
17880634,D7BB4503164A6F4F8DF479536B54C607,1,2016,Q2
17901926,3DCFF11974B3D8458CE3569DE9E855D5,1,2017,Q2
17918615,3DCFF11974B3D8458CE3569DE9E855D5,1,2016,Q2
17931775,D7BB4503164A6F4F8DF479536B54C607,1,2016,Q2
17933478,C123E70F73A1C94DB040407D1FD29D57,1,2016,Q2
17979176,3DCFF11974B3D8458CE3569DE9E855D5,1,2016,Q2
18011738,D7BB4503164A6F4F8DF479536B54C607,1,2016,Q2
18012950,C123E70F73A1C94DB040407D1FD29D57,1,2016,Q2
18016992,D7BB4503164A6F4F8DF479536B54C607,1,2017,Q2
18038275,3DCFF11974B3D8458CE3569DE9E855D5,1,2016,Q3
18045170,C123E70F73A1C94DB040407D1FD29D57,1,2016,Q3
18050077,D7BB4503164A6F4F8DF479536B54C607,1,2016,Q3
18088264,3DCFF11974B3D8458CE3569DE9E855D5,1,2016,Q3
18120854,C123E70F73A1C94DB040407D1FD29D57,1,2016,Q3
18133273,C123E70F73A1C94DB040407D1FD29D57,1,2017,Q2
18152526,3DCFF11974B3D8458CE3569DE9E855D5,1,2016,Q3
18159283,D7BB4503164A6F4F8DF479536B54C607,1,2016,Q3
18160015,C123E70F73A1C94DB040407D1FD29D57,1,2016,Q3
18206577,3DCFF11974B3D8458CE3569DE9E855D5,1,2016,Q4
18231800,D7BB4503164A6F4F8DF479536B54C607,1,2016,Q4
18233231,C123E70F73A1C94DB040407D1FD29D57,1,2016,Q4
18262118,3DCFF11974B3D8458CE3569DE9E855D5,1,2016,Q4
18285637,C123E70F73A1C94DB040407D1FD29D57,1,2016,Q4
18289413,D7BB4503164A6F4F8DF479536B54C607,1,2016,Q4
18372201,3DCFF11974B3D8458CE3569DE9E855D5,1,2016,Q4
18386386,C123E70F73A1C94DB040407D1FD29D57,1,2016,Q4
18389174,D7BB4503164A6F4F8DF479536B54C607,1,2016,Q4
18430586,C123E70F73A1C94DB040407D1FD29D57,0,2016,Q4
18435364,D7BB4503164A6F4F8DF479536B54C607,0,2016,Q4
18485586,3DCFF11974B3D8458CE3569DE9E855D5,0,2016,Q4
18624435,3DCFF11974B3D8458CE3569DE9E855D5,1,2017,Q1
18661595,D7BB4503164A6F4F8DF479536B54C607,1,2017,Q1
18664195,C123E70F73A1C94DB040407D1FD29D57,1,2017,Q1
18687901,3DCFF11974B3D8458CE3569DE9E855D5,1,2017,Q1
18706198,C123E70F73A1C94DB040407D1FD29D57,1,2017,Q1
18707031,D7BB4503164A6F4F8DF479536B54C607,1,2017,Q1
18754972,3DCFF11974B3D8458CE3569DE9E855D5,1,2017,Q1
18766623,D7BB4503164A6F4F8DF479536B54C607,1,2017,Q1
18767713,C123E70F73A1C94DB040407D1FD29D57,1,2017,Q1
18806984,3DCFF11974B3D8458CE3569DE9E855D5,1,2017,Q2
18969717,3DCFF11974B3D8458CE3569DE9E855D5,1,2017,Q3
18974061,C123E70F73A1C94DB040407D1FD29D57,1,2017,Q3
19041843,3DCFF11974B3D8458CE3569DE9E855D5,1,2017,Q3
19049200,D7BB4503164A6F4F8DF479536B54C607,1,2017,Q3
19052463,C123E70F73A1C94DB040407D1FD29D57,1,2017,Q3
19099023,3DCFF11974B3D8458CE3569DE9E855D5,1,2017,Q3
19103337,C123E70F73A1C94DB040407D1FD29D57,1,2017,Q3
19104280,D7BB4503164A6F4F8DF479536B54C607,1,2017,Q3
19173078,3DCFF11974B3D8458CE3569DE9E855D5,1,2017,Q4
19182861,D7BB4503164A6F4F8DF479536B54C607,1,2017,Q4
19184749,C123E70F73A1C94DB040407D1FD29D57,1,2017,Q4
19240494,3DCFF11974B3D8458CE3569DE9E855D5,1,2017,Q4
19248882,C123E70F73A1C94DB040407D1FD29D57,1,2017,Q4
19249969,D7BB4503164A6F4F8DF479536B54C607,1,2017,Q4
19292003,3DCFF11974B3D8458CE3569DE9E855D5,1,2017,Q4
19295785,D7BB4503164A6F4F8DF479536B54C607,1,2017,Q4
19298473,C123E70F73A1C94DB040407D1FD29D57,1,2017,Q4
19551905,D7BB4503164A6F4F8DF479536B54C607,1,2018,Q1
19552943,C123E70F73A1C94DB040407D1FD29D57,1,2018,Q1
19572363,EFE7DD000667434EAF176CD167145906,1,2018,Q1
19616190,D7BB4503164A6F4F8DF479536B54C607,1,2018,Q1
19618884,C123E70F73A1C94DB040407D1FD29D57,1,2018,Q1
19659897,EFE7DD000667434EAF176CD167145906,1,2018,Q1
19706018,D7BB4503164A6F4F8DF479536B54C607,1,2018,Q1
19708061,C123E70F73A1C94DB040407D1FD29D57,1,2018,Q1
19736461,EFE7DD000667434EAF176CD167145906,1,2018,Q1
19757444,6E26DE101CF4A54CB25F366C1D5B6855,1,2018,Q2
19771629,C123E70F73A1C94DB040407D1FD29D57,1,2018,Q2
19772551,D7BB4503164A6F4F8DF479536B54C607,1,2018,Q2
19789093,EFE7DD000667434EAF176CD167145906,1,2018,Q2
19821435,6E26DE101CF4A54CB25F366C1D5B6855,1,2018,Q2
19836665,D7BB4503164A6F4F8DF479536B54C607,1,2018,Q2
19837674,C123E70F73A1C94DB040407D1FD29D57,1,2018,Q2
19860089,EFE7DD000667434EAF176CD167145906,1,2018,Q2
19884860,EFE7DD000667434EAF176CD167145906,1,2018,Q2
19911651,D7BB4503164A6F4F8DF479536B54C607,1,2018,Q2
19912343,C123E70F73A1C94DB040407D1FD29D57,1,2018,Q2
19936484,6E26DE101CF4A54CB25F366C1D5B6855,1,2018,Q2
19942393,6E26DE101CF4A54CB25F366C1D5B6855,1,2018,Q2
19957281,EFE7DD000667434EAF176CD167145906,1,2018,Q2
19985117,D7BB4503164A6F4F8DF479536B54C607,1,2018,Q3
19988086,C123E70F73A1C94DB040407D1FD29D57,1,2018,Q3
19998559,EFE7DD000667434EAF176CD167145906,1,2018,Q3
19999552,6E26DE101CF4A54CB25F366C1D5B6855,1,2018,Q3
20034470,C123E70F73A1C94DB040407D1FD29D57,1,2018,Q3
20039294,D7BB4503164A6F4F8DF479536B54C607,1,2018,Q3
20059932,6E26DE101CF4A54CB25F366C1D5B6855,1,2018,Q3
20079190,EFE7DD000667434EAF176CD167145906,1,2018,Q3
20094785,EFE7DD000667434EAF176CD167145906,1,2018,Q3
20107037,C123E70F73A1C94DB040407D1FD29D57,1,2018,Q3
20109435,6E26DE101CF4A54CB25F366C1D5B6855,1,2018,Q3
20153205,EFE7DD000667434EAF176CD167145906,1,2018,Q3
20170677,D7BB4503164A6F4F8DF479536B54C607,1,2018,Q4
20170996,C123E70F73A1C94DB040407D1FD29D57,1,2018,Q4
20187313,6E26DE101CF4A54CB25F366C1D5B6855,1,2018,Q4
20212399,EFE7DD000667434EAF176CD167145906,1,2018,Q4
20235703,D7BB4503164A6F4F8DF479536B54C607,1,2018,Q4
20252079,C123E70F73A1C94DB040407D1FD29D57,1,2018,Q4
20256009,6E26DE101CF4A54CB25F366C1D5B6855,1,2018,Q4
20272694,EFE7DD000667434EAF176CD167145906,1,2018,Q4
20302593,D7BB4503164A6F4F8DF479536B54C607,1,2018,Q4
20302814,C123E70F73A1C94DB040407D1FD29D57,1,2018,Q4
20313631,6E26DE101CF4A54CB25F366C1D5B6855,1,2018,Q4
20343740,EFE7DD000667434EAF176CD167145906,1,2018,Q4
20352680,EFE7DD000667434EAF176CD167145906,0,2018,Q4
20490720,6E26DE101CF4A54CB25F366C1D5B6855,0,2018,Q4
20553431,6E26DE101CF4A54CB25F366C1D5B6855,1,2019,Q1
20560069,D7BB4503164A6F4F8DF479536B54C607,1,2019,Q1
20563203,C123E70F73A1C94DB040407D1FD29D57,1,2019,Q1
20569556,CAA9925066F15646ADA18458B63E019A,1,2019,Q1
20583202,EFE7DD000667434EAF176CD167145906,1,2019,Q1
20627501,D7BB4503164A6F4F8DF479536B54C607,1,2019,Q1
20629786,C123E70F73A1C94DB040407D1FD29D57,1,2019,Q1
20635097,6E26DE101CF4A54CB25F366C1D5B6855,1,2019,Q1
20646975,CAA9925066F15646ADA18458B63E019A,1,2019,Q1
20666039,EFE7DD000667434EAF176CD167145906,1,2019,Q1
20712566,D7BB4503164A6F4F8DF479536B54C607,1,2019,Q1
20717653,C123E70F73A1C94DB040407D1FD29D57,1,2019,Q1
20727688,6E26DE101CF4A54CB25F366C1D5B6855,1,2019,Q1
20734753,CAA9925066F15646ADA18458B63E019A,1,2019,Q1
20755340,EFE7DD000667434EAF176CD167145906,1,2019,Q1
20764096,C123E70F73A1C94DB040407D1FD29D57,1,2019,Q2
20765341,D7BB4503164A6F4F8DF479536B54C607,1,2019,Q2
20772578,6E26DE101CF4A54CB25F366C1D5B6855,1,2019,Q2
20799784,CAA9925066F15646ADA18458B63E019A,1,2019,Q2
20815333,EFE7DD000667434EAF176CD167145906,1,2019,Q2
20823401,EFE7DD000667434EAF176CD167145906,1,2019,Q2
20832215,6E26DE101CF4A54CB25F366C1D5B6855,1,2019,Q2
20861907,CAA9925066F15646ADA18458B63E019A,1,2019,Q2
20862697,EFE7DD000667434EAF176CD167145906,1,2019,Q2
20878274,D7BB4503164A6F4F8DF479536B54C607,1,2019,Q2
20880141,C123E70F73A1C94DB040407D1FD29D57,1,2019,Q2
20891255,EFE7DD000667434EAF176CD167145906,1,2019,Q2
20921792,C123E70F73A1C94DB040407D1FD29D57,1,2019,Q2
20923102,D7BB4503164A6F4F8DF479536B54C607,1,2019,Q2
20931297,CAA9925066F15646ADA18458B63E019A,1,2019,Q2
20941894,6E26DE101CF4A54CB25F366C1D5B6855,1,2019,Q2
20944721,6E26DE101CF4A54CB25F366C1D5B6855,1,2019,Q2
20963845,EFE7DD000667434EAF176CD167145906,1,2019,Q2
20978598,6E26DE101CF4A54CB25F366C1D5B6855,1,2019,Q3
20998482,CAA9925066F15646ADA18458B63E019A,1,2019,Q3
21011210,C123E70F73A1C94DB040407D1FD29D57,1,2019,Q3
21013326,D7BB4503164A6F4F8DF479536B54C607,1,2019,Q3
21030985,EFE7DD000667434EAF176CD167145906,1,2019,Q3
21046222,C123E70F73A1C94DB040407D1FD29D57,1,2019,Q3
21052848,6E26DE101CF4A54CB25F366C1D5B6855,1,2019,Q3
21059256,D7BB4503164A6F4F8DF479536B54C607,1,2019,Q3
21072110,C123E70F73A1C94DB040407D1FD29D57,1,2020,Q3
21078892,CAA9925066F15646ADA18458B63E019A,1,2019,Q3
21087279,EFE7DD000667434EAF176CD167145906,1,2019,Q3
21114404,D7BB4503164A6F4F8DF479536B54C607,1,2019,Q3
21115725,C123E70F73A1C94DB040407D1FD29D57,1,2019,Q3
21134623,CAA9925066F15646ADA18458B63E019A,1,2019,Q3
21148511,D7BB4503164A6F4F8DF479536B54C607,1,2020,Q3
21151708,EFE7DD000667434EAF176CD167145906,1,2019,Q3
21158750,6E26DE101CF4A54CB25F366C1D5B6855,1,2019,Q3
21165899,6E26DE101CF4A54CB25F366C1D5B6855,1,2019,Q4
21187139,CAA9925066F15646ADA18458B63E019A,1,2019,Q4
21195848,D7BB4503164A6F4F8DF479536B54C607,1,2019,Q4
21199830,C123E70F73A1C94DB040407D1FD29D57,1,2019,Q4
21209558,EFE7DD000667434EAF176CD167145906,1,2019,Q4
21233031,C123E70F73A1C94DB040407D1FD29D57,1,2019,Q4
21238314,6E26DE101CF4A54CB25F366C1D5B6855,1,2019,Q4
21249772,EFE7DD000667434EAF176CD167145906,1,2019,Q4
21258187,CAA9925066F15646ADA18458B63E019A,1,2019,Q4
21285460,6E26DE101CF4A54CB25F366C1D5B6855,1,2019,Q4
21297851,CAA9925066F15646ADA18458B63E019A,1,2019,Q4
21308699,D7BB4503164A6F4F8DF479536B54C607,1,2019,Q4
21310718,C123E70F73A1C94DB040407D1FD29D57,1,2019,Q4
21325085,EFE7DD000667434EAF176CD167145906,1,2019,Q4
21454298,EFE7DD000667434EAF176CD167145906,0,2020,Q1
21462224,CAA9925066F15646ADA18458B63E019A,0,2020,Q1
21531577,6E26DE101CF4A54CB25F366C1D5B6855,0,2020,Q1
21540640,D7BB4503164A6F4F8DF479536B54C607,1,2020,Q1
21543202,C123E70F73A1C94DB040407D1FD29D57,1,2020,Q1
21552259,6E26DE101CF4A54CB25F366C1D5B6855,1,2020,Q1
21552825,CAA9925066F15646ADA18458B63E019A,1,2020,Q1
21566650,EFE7DD000667434EAF176CD167145906,1,2020,Q1
21588567,D7BB4503164A6F4F8DF479536B54C607,1,2020,Q1
21588683,C123E70F73A1C94DB040407D1FD29D57,1,2020,Q1
21608031,6E26DE101CF4A54CB25F366C1D5B6855,1,2020,Q1
21608317,CAA9925066F15646ADA18458B63E019A,1,2020,Q1
21630035,EFE7DD000667434EAF176CD167145906,1,2020,Q1
21692787,C123E70F73A1C94DB040407D1FD29D57,1,2020,Q1
21696034,D7BB4503164A6F4F8DF479536B54C607,1,2020,Q1
21698774,CAA9925066F15646ADA18458B63E019A,1,2020,Q1
21711135,6E26DE101CF4A54CB25F366C1D5B6855,1,2020,Q1
21713394,EFE7DD000667434EAF176CD167145906,1,2020,Q1
21739665,6E26DE101CF4A54CB25F366C1D5B6855,1,2020,Q2
21755792,C123E70F73A1C94DB040407D1FD29D57,1,2020,Q2
21756969,D7BB4503164A6F4F8DF479536B54C607,1,2020,Q2
21762977,CAA9925066F15646ADA18458B63E019A,1,2020,Q2
21781845,EFE7DD000667434EAF176CD167145906,1,2020,Q2
21806848,C123E70F73A1C94DB040407D1FD29D57,1,2020,Q2
21809432,D7BB4503164A6F4F8DF479536B54C607,1,2020,Q2
21824851,6E26DE101CF4A54CB25F366C1D5B6855,1,2020,Q2
21827694,CAA9925066F15646ADA18458B63E019A,1,2020,Q2
21840804,EFE7DD000667434EAF176CD167145906,1,2020,Q2
21862589,D7BB4503164A6F4F8DF479536B54C607,1,2020,Q2
21862829,C123E70F73A1C94DB040407D1FD29D57,1,2020,Q2
21864414,6E26DE101CF4A54CB25F366C1D5B6855,1,2020,Q2
21890877,CAA9925066F15646ADA18458B63E019A,1,2020,Q2
21893097,EFE7DD000667434EAF176CD167145906,1,2020,Q2
21912355,EFE7DD000667434EAF176CD167145906,1,2020,Q2
21912519,6E26DE101CF4A54CB25F366C1D5B6855,1,2020,Q2
21923458,6E26DE101CF4A54CB25F366C1D5B6855,1,2020,Q3
21947017,CAA9925066F15646ADA18458B63E019A,1,2020,Q3
21950345,EFE7DD000667434EAF176CD167145906,1,2020,Q3
21987919,6E26DE101CF4A54CB25F366C1D5B6855,1,2020,Q3
21992219,C123E70F73A1C94DB040407D1FD29D57,1,2020,Q3
21993428,D7BB4503164A6F4F8DF479536B54C607,1,2020,Q3
22003326,CAA9925066F15646ADA18458B63E019A,1,2020,Q3
22010872,EFE7DD000667434EAF176CD167145906,1,2020,Q3
22029746,EFE7DD000667434EAF176CD167145906,1,2020,Q3
22040131,6E26DE101CF4A54CB25F366C1D5B6855,1,2020,Q3
22048225,D7BB4503164A6F4F8DF479536B54C607,1,2020,Q3
22049401,C123E70F73A1C94DB040407D1FD29D57,1,2020,Q3
22066243,CAA9925066F15646ADA18458B63E019A,1,2020,Q3
22079800,EFE7DD000667434EAF176CD167145906,1,2020,Q3
22096270,6E26DE101CF4A54CB25F366C1D5B6855,1,2020,Q4
22104446,D7BB4503164A6F4F8DF479536B54C607,1,2020,Q4
22106050,C123E70F73A1C94DB040407D1FD29D57,1,2020,Q4
22120412,CAA9925066F15646ADA18458B63E019A,1,2020,Q4
22126794,EFE7DD000667434EAF176CD167145906,1,2020,Q4
22151974,C123E70F73A1C94DB040407D1FD29D57,1,2020,Q4
22153463,D7BB4503164A6F4F8DF479536B54C607,1,2020,Q4
22158482,CAA9925066F15646ADA18458B63E019A,1,2020,Q4
22161845,6E26DE101CF4A54CB25F366C1D5B6855,1,2020,Q4
22187530,EFE7DD000667434EAF176CD167145906,1,2020,Q4
22196475,6E26DE101CF4A54CB25F366C1D5B6855,1,2020,Q4
22213142,D7BB4503164A6F4F8DF479536B54C607,1,2020,Q4
22215097,C123E70F73A1C94DB040407D1FD29D57,1,2020,Q4
22218069,CAA9925066F15646ADA18458B63E019A,1,2020,Q4
22232555,EFE7DD000667434EAF176CD167145906,1,2020,Q4
22258881,CAA9925066F15646ADA18458B63E019A,0,2020,Q4
22262280,6E26DE101CF4A54CB25F366C1D5B6855,0,2020,Q4
22313234,EFE7DD000667434EAF176CD167145906,0,2020,Q4
22326647,A2C8162B7D14734A98E163F2DE56A2FD,0,2020,Q4
22326648,C123E70F73A1C94DB040407D1FD29D57,0,2020,Q4
22345317,D7BB4503164A6F4F8DF479536B54C607,0,2020,Q4
22345318,A27C1795CAF6764EA1CB283593B76F8E,0,2020,Q4
22466982,CAA9925066F15646ADA18458B63E019A,1,2021,Q1
22485368,D7BB4503164A6F4F8DF479536B54C607,1,2021,Q1
22487314,C123E70F73A1C94DB040407D1FD29D57,1,2021,Q1
22490354,6E26DE101CF4A54CB25F366C1D5B6855,1,2021,Q1
22509583,EFE7DD000667434EAF176CD167145906,1,2021,Q1
22519556,D7BB4503164A6F4F8DF479536B54C607,1,2021,Q1
22521473,C123E70F73A1C94DB040407D1FD29D57,1,2021,Q1
22530323,6E26DE101CF4A54CB25F366C1D5B6855,1,2021,Q1
22533520,CAA9925066F15646ADA18458B63E019A,1,2021,Q1
22556066,EFE7DD000667434EAF176CD167145906,1,2021,Q1
22582596,6E26DE101CF4A54CB25F366C1D5B6855,1,2021,Q1
22587822,CAA9925066F15646ADA18458B63E019A,1,2021,Q1
22603373,D7BB4503164A6F4F8DF479536B54C607,1,2021,Q1
22605298,C123E70F73A1C94DB040407D1FD29D57,1,2021,Q1
22613931,EFE7DD000667434EAF176CD167145906,1,2021,Q1
22629671,6E26DE101CF4A54CB25F366C1D5B6855,1,2021,Q2
22640896,D7BB4503164A6F4F8DF479536B54C607,1,2021,Q2
22642815,C123E70F73A1C94DB040407D1FD29D57,1,2021,Q2
22646683,CAA9925066F15646ADA18458B63E019A,1,2021,Q2
22669463,EFE7DD000667434EAF176CD167145906,1,2021,Q2
22691290,CAA9925066F15646ADA18458B63E019A,1,2021,Q2
22697016,6E26DE101CF4A54CB25F366C1D5B6855,1,2021,Q2
22701979,D7BB4503164A6F4F8DF479536B54C607,1,2021,Q2
22703884,C123E70F73A1C94DB040407D1FD29D57,1,2021,Q2
22720873,EFE7DD000667434EAF176CD167145906,1,2021,Q2
22746913,D7BB4503164A6F4F8DF479536B54C607,1,2021,Q2
22748787,C123E70F73A1C94DB040407D1FD29D57,1,2021,Q2
22750414,6E26DE101CF4A54CB25F366C1D5B6855,1,2021,Q2
22758275,CAA9925066F15646ADA18458B63E019A,1,2021,Q2
22764529,EFE7DD000667434EAF176CD167145906,1,2021,Q2
22785527,6E26DE101CF4A54CB25F366C1D5B6855,1,2021,Q3
22789688,D7BB4503164A6F4F8DF479536B54C607,1,2021,Q3
22791553,C123E70F73A1C94DB040407D1FD29D57,1,2021,Q3
22807448,EFE7DD000667434EAF176CD167145906,1,2021,Q3
22810900,CAA9925066F15646ADA18458B63E019A,1,2021,Q3
22834626,EFE7DD000667434EAF176CD167145906,1,2021,Q3
22852863,D7BB4503164A6F4F8DF479536B54C607,1,2021,Q3
22854704,C123E70F73A1C94DB040407D1FD29D57,1,2021,Q3
22862240,6E26DE101CF4A54CB25F366C1D5B6855,1,2021,Q3
22876193,CAA9925066F15646ADA18458B63E019A,1,2021,Q3
22881110,EFE7DD000667434EAF176CD167145906,1,2021,Q3
22922141,C123E70F73A1C94DB040407D1FD29D57,1,2021,Q3
22923012,6E26DE101CF4A54CB25F366C1D5B6855,1,2021,Q3
22944771,CAA9925066F15646ADA18458B63E019A,1,2021,Q3
22945176,EFE7DD000667434EAF176CD167145906,1,2021,Q3
22980626,6E26DE101CF4A54CB25F366C1D5B6855,1,2021,Q4
22988479,C123E70F73A1C94DB040407D1FD29D57,1,2021,Q4
23000876,CAA9925066F15646ADA18458B63E019A,1,2021,Q4
23016307,EFE7DD000667434EAF176CD167145906,1,2021,Q4
23021765,EFE7DD000667434EAF176CD167145906,1,2021,Q4
23022835,6E26DE101CF4A54CB25F366C1D5B6855,1,2021,Q4
23032896,D7BB4503164A6F4F8DF479536B54C607,1,2021,Q4
23034711,C123E70F73A1C94DB040407D1FD29D57,1,2021,Q4
23042790,CAA9925066F15646ADA18458B63E019A,1,2021,Q4
23075423,EFE7DD000667434EAF176CD167145906,1,2021,Q4
23076503,6E26DE101CF4A54CB25F366C1D5B6855,1,2021,Q4
23082315,D7BB4503164A6F4F8DF479536B54C607,1,2021,Q4
23084130,C123E70F73A1C94DB040407D1FD29D57,1,2021,Q4
23099242,CAA9925066F15646ADA18458B63E019A,1,2021,Q4
23159133,CAA9925066F15646ADA18458B63E019A,0,2021,Q4
23162056,6E26DE101CF4A54CB25F366C1D5B6855,0,2021,Q4
23228155,EFE7DD000667434EAF176CD167145906,0,2021,Q4
23349215,A27C1795CAF6764EA1CB283593B76F8E,0,2021,Q4
23349899,C123E70F73A1C94DB040407D1FD29D57,0,2021,Q4
23353231,D7BB4503164A6F4F8DF479536B54C607,0,2021,Q4
23357946,A2C8162B7D14734A98E163F2DE56A2FD,0,2021,Q4
23379095,D7BB4503164A6F4F8DF479536B54C607,1,2022,Q1
23380890,C123E70F73A1C94DB040407D1FD29D57,1,2022,Q1
23386760,CAA9925066F15646ADA18458B63E019A,1,2022,Q1
23388983,6E26DE101CF4A54CB25F366C1D5B6855,1,2022,Q1
23391902,EFE7DD000667434EAF176CD167145906,1,2022,Q1
23418712,D7BB4503164A6F4F8DF479536B54C607,1,2022,Q1
23420478,C123E70F73A1C94DB040407D1FD29D57,1,2022,Q1
23441227,EFE7DD000667434EAF176CD167145906,1,2022,Q1
23442405,6E26DE101CF4A54CB25F366C1D5B6855,1,2022,Q1
23445205,CAA9925066F15646ADA18458B63E019A,1,2022,Q1
23471411,D7BB4503164A6F4F8DF479536B54C607,1,2022,Q1
23473188,C123E70F73A1C94DB040407D1FD29D57,1,2022,Q1
23484201,6E26DE101CF4A54CB25F366C1D5B6855,1,2022,Q1
23500587,CAA9925066F15646ADA18458B63E019A,1,2022,Q1
23501797,EFE7DD000667434EAF176CD167145906,1,2022,Q1
23533669,D7BB4503164A6F4F8DF479536B54C607,1,2022,Q2
23535434,C123E70F73A1C94DB040407D1FD29D57,1,2022,Q2
23540542,6E26DE101CF4A54CB25F366C1D5B6855,1,2022,Q2
23552250,CAA9925066F15646ADA18458B63E019A,1,2022,Q2
23560368,EFE7DD000667434EAF176CD167145906,1,2022,Q2
23592361,D7BB4503164A6F4F8DF479536B54C607,1,2022,Q2
23594105,C123E70F73A1C94DB040407D1FD29D57,1,2022,Q2
23602916,CAA9925066F15646ADA18458B63E019A,1,2022,Q2
23608897,6E26DE101CF4A54CB25F366C1D5B6855,1,2022,Q2
23612092,EFE7DD000667434EAF176CD167145906,1,2022,Q2
23633564,D7BB4503164A6F4F8DF479536B54C607,1,2022,Q2
23635302,C123E70F73A1C94DB040407D1FD29D57,1,2022,Q2
23640868,EFE7DD000667434EAF176CD167145906,1,2022,Q2
23651439,CAA9925066F15646ADA18458B63E019A,1,2022,Q2
23654073,6E26DE101CF4A54CB25F366C1D5B6855,1,2022,Q2
23699273,D7BB4503164A6F4F8DF479536B54C607,1,2022,Q3
23700982,C123E70F73A1C94DB040407D1FD29D57,1,2022,Q3
23706610,EFE7DD000667434EAF176CD167145906,1,2022,Q3
23712015,CAA9925066F15646ADA18458B63E019A,1,2022,Q3
23749263,6E26DE101CF4A54CB25F366C1D5B6855,1,2022,Q3
23760548,D7BB4503164A6F4F8DF479536B54C607,1,2022,Q3
23762226,C123E70F73A1C94DB040407D1FD29D57,1,2022,Q3
23766372,6E26DE101CF4A54CB25F366C1D5B6855,1,2022,Q3
23778476,CAA9925066F15646ADA18458B63E019A,1,2022,Q3
23813692,EFE7DD000667434EAF176CD167145906,1,2022,Q3
23830413,D7BB4503164A6F4F8DF479536B54C607,1,2022,Q3
23832080,C123E70F73A1C94DB040407D1FD29D57,1,2022,Q3
23841177,6E26DE101CF4A54CB25F366C1D5B6855,1,2022,Q3
23841968,6E26DE101CF4A54CB25F366C1D5B6855,1,2022,Q3
23848774,CAA9925066F15646ADA18458B63E019A,1,2022,Q3
23859387,EFE7DD000667434EAF176CD167145906,1,2022,Q3
23890406,EFE7DD000667434EAF176CD167145906,1,2022,Q4
23901994,CAA9925066F15646ADA18458B63E019A,1,2022,Q4
23913944,D7BB4503164A6F4F8DF479536B54C607,1,2022,Q4
23915581,C123E70F73A1C94DB040407D1FD29D57,1,2022,Q4
23934590,D7BB4503164A6F4F8DF479536B54C607,1,2022,Q4
23936162,C123E70F73A1C94DB040407D1FD29D57,1,2022,Q4
23951936,CAA9925066F15646ADA18458B63E019A,1,2022,Q4
23952699,EFE7DD000667434EAF176CD167145906,1,2022,Q4
24011676,CAA9925066F15646ADA18458B63E019A,1,2022,Q4
24018612,D7BB4503164A6F4F8DF479536B54C607,1,2022,Q4
24020159,C123E70F73A1C94DB040407D1FD29D57,1,2022,Q4
24029777,EFE7DD000667434EAF176CD167145906,1,2022,Q4
24043188,CAA9925066F15646ADA18458B63E019A,1,2023,Q1
24066410,EFE7DD000667434EAF176CD167145906,1,2023,Q1
24078896,C123E70F73A1C94DB040407D1FD29D57,1,2023,Q1
